SpeciesAuthor,SpeciesAccepted,Family,Kingdom,Authors,Journal,YearPublication,StudyDuration,habitat,s1,s2,s3,s4,g21,g31,g32,g43,g34,f13,f23,f33
Alaria_nana,Alaria nana,Alariaceae,Chromalveolata,Pfister; Wang,Ecology,2005,5,Temperate,NA,0.916958704,0.22812779,NA,NA,NA,0.416190868,0,NA,0,0.954737185,0
Ascophyllum_nodosum_3,Ascophyllum nodosum,Aspleniaceae,Chromalveolata,Aberg,Mar Ecol Prog Ser,1990,4,Temperate,NA,0.754,0.830822348,NA,NA,NA,0.164456233,0,NA,0,0.747788149,0
Fucus_distichus,Fucus vesiculosus,Fucaceae,Chromalveolata,Ang; de Wreede,Mar Ecol Prog Ser,1993,5,Temperate,NA,0.322848719,0.710884502,NA,NA,NA,0.011801609,0,NA,0,62.61558242,0
Pterygophora_californica,Pterygophora californica,Alariaceae,Chromalveolata,de Wreede,Phycol,1986,3,Aquatic,NA,0.639463111,0.435838996,0.42623988,NA,NA,2.96E-06,3.77E-11,0,0,1228155879,0
Aeschynomene_virginica,Aeschynomene virginica,Leguminosae,Plantae,Griffith; Forseth,Ecol Appl,2005,3,Temperate,0.032473858,NA,0,NA,0,0.558818735,NA,NA,NA,0.752895,0,0.436067676
Brassica_napus_2,Brassica napus,Brassicaceae,Plantae,Garnier; Lecomte,Ecol Model,2006,NA,Temperate,0.232469506,0.211886883,0,NA,0.051619673,0.72916878,1,NA,NA,364.725918,16.83350391,237.7865782
Collinsia_verna,Collinsia verna,Plantaginaceae,Plantae,Kalisz; McPeek,Ecology,1992,3,Temperate,0.179682553,NA,0,NA,0,0.143990734,NA,NA,NA,4.305,0,0.514
Catopsis_compacta,Catopsis compacta,Bromeliaceae,Plantae,del Castillo; Trujillo-Argueta; Rivera-Garcia; Gómez-Ocampo; Mondragón-Chaparro,Ecol and Evol,2013,4,Tropical & Subtropical,NA,0.873618115,0.812666667,NA,NA,NA,0.019471275,0,NA,0,3.56,0
Catopsis_sessiliflora,Catopsis sessiliflora,Bromeliaceae,Plantae,Winkler; Hülber; Hietz,Bas and Appl Ecol,2007,3,Tropical & Subtropical,NA,0.560423052,1,NA,NA,NA,0.054339787,0,NA,0,4.429,0
Guarianthe_aurantiaca,Guarianthe aurantiaca,Orchidaceae,Plantae,Mondragon,Plant Spp Biol,2009,3,Tropical & Subtropical,NA,0.904371971,0.966877444,NA,NA,NA,0.11297193,0,NA,0,0.07056683,0
Jacquiniella_leucomelana,Jacquiniella leucomelana,Orchidaceae,Plantae,Winkler; Hülber; Hietz,Ann Bot,2009,4,Tropical & Subtropical,NA,0.757392706,0.657333333,NA,NA,NA,0.268932575,0,NA,0,0.643666667,0
Jacquiniella_teretifolia,Jacquiniella teretifolia,Orchidaceae,Plantae,Winkler; Hülber; Hietz,Ann Bot,2009,4,Tropical & Subtropical,NA,0.835693075,0.847666667,NA,NA,NA,0.035861397,0,NA,0,1.754666667,0
Lepanthes_eltoroensis,Lepanthes eltoroensis,Orchidaceae,Plantae,Tremblay; Ackerman,Biol J Linn Soc,2001,3,Tropical & Subtropical,NA,0.973492037,0.99534,NA,NA,NA,0.249882831,0,NA,0,0.017,0
Lepanthes_rubripetala,Lepanthes rubripetala,Orchidaceae,Plantae,Tremblay; Ackerman,Biol J Linn Soc,2001,3,Tropical & Subtropical,NA,0.872030567,0.97117,NA,NA,NA,0.187446626,0,NA,0,0.091,0
Lycaste_aromatica,Lycaste aromatica,Orchidaceae,Plantae,Winkler; Hülber; Hietz,Ann Bot,2009,4,Tropical & Subtropical,NA,0.845135641,0.954333333,NA,NA,NA,0.310796232,0,NA,0,0.055,0
Tillandsia_deppeana,Tillandsia deppeana,Bromeliaceae,Plantae,Winkler; Hülber; Hietz,Bas and Appl Ecol,2007,3,Tropical & Subtropical,NA,0.639258887,0.666,NA,NA,NA,0.005611872,0,NA,0,49.444,0
Tillandsia_juncea,Tillandsia juncea,Bromeliaceae,Plantae,Winkler; Hülber; Hietz,Bas and Appl Ecol,2007,3,Tropical & Subtropical,NA,0.526141896,1,NA,NA,NA,0.040941235,0,NA,0,6.714,0
Tillandsia_multicaulis_2,Tillandsia multicaulis,Bromeliaceae,Plantae,Toledo-Aceves; Hernandez-Apolinar; Valverde,Acta Oeco,2014,3,Tropical & Subtropical,NA,0.660823615,0.714432357,NA,NA,NA,0.06790486,0,NA,0,1.457748996,0
Tillandsia_punctulata,Tillandsia punctulata,Bromeliaceae,Plantae,Winkler; Hülber; Hietz,Bas and Appl Ecol,2007,3,Tropical & Subtropical,NA,0.674320235,0.888,NA,NA,NA,0.030799134,0,NA,0,0.519,0
Tillandsia_recurvata,Tillandsia recurvata,Bromeliaceae,Plantae,Valverde; Bernal,Bol Soc Bot Mex,2010,3,Tropical & Subtropical,NA,0.795,0.881633254,NA,NA,NA,0.410202655,0,NA,0,0.514466424,0
Tillandsia_violacea,Tillandsia violacea,Bromeliaceae,Plantae,Mondragón; Ticktin,Cons Biol,2011,4,Tropical & Subtropical,NA,0.902719368,0.902957683,NA,NA,NA,0.041550091,0,NA,0,0.209562187,0
Vulpicida_pinastri,Vulpicida pinastri,Poaceae,Plantae,Shriver; Cutler; Doak,Oecologia,2012,4,Alpine & Arctic,NA,0.809,0.875746078,NA,NA,NA,1,0,NA,0,0.205280814,0
Werauhia_sanguinolenta,Vriesea sanguinolenta,Bromeliaceae,Plantae,Zotz,Acta Oeco,2005,9,Tropical & Subtropical,NA,0.780293421,0.88,NA,NA,NA,0.005693247,0,NA,0,19.4,0
Asplenium_adulterinum,Asplenium adulterinum,Aspleniaceae,Plantae,Bucharová; Münzbergová; Tájek,Am J Bot,2010,4,Temperate,NA,0.855010311,0.963616222,NA,NA,NA,0.193512285,0,NA,0,0.1871385,0
Asplenium_cuneifolium,Asplenium cuneifolium,Aspleniaceae,Plantae,Bucharova; Munzbergova; Tajek,Am J Bot,2010,4,Temperate,NA,0.889610402,0.987138417,NA,NA,NA,0.161179677,0,NA,0,0.20483375,0
Actaea_elata,Actaea elata,Ranunculaceae,Plantae,Mayberry; Elle,Oecologia,2010,3,Temperate,NA,0.855871119,0.9695,0.44160643,NA,NA,0.087742704,0.110108303,0.066465591,0,0.4055,0
Actaea_spicata,Actaea spicata,Ranunculaceae,Plantae,Fröborg; Eriksson,Can J Bot,2003,6,Temperate,0.42,0.521889223,0.925833333,NA,0.023809524,0,0.163063273,0,NA,106.8166667,0,0
Agrimonia_eupatoria,Agrimonia eupatoria,Rosaceae,Plantae,Kiviniemi,Plant Ecol,2002,6,Temperate,NA,0.816028671,0.992,NA,NA,NA,0.165484188,0,NA,0,0.2185,0
Agropyron_cristatum,Agropyron cristatum,Poaceae,Plantae,Hansen; Wilson,J Appl Ecol,2006,3,Temperate,0.590346851,0.16,0.898897024,NA,0.186331137,0,1,0,NA,156.8827067,40.42027182,0
Anemone_patens,Anemone patens,Ranunculaceae,Plantae,Williams; Crone,Ecology,2006,7,Alpine & Arctic,NA,0.880184535,0.818790577,NA,NA,NA,0.884531983,0,NA,0,0.025913741,0.177821405
Anthyllis_vulneraria_subsp._alpicola,Anthyllis vulneraria alpicola,Leguminosae,Plantae,Marcante; Winkler; Erschbamer,Annals Bot,2009,3,Temperate,NA,0.5685,0.835849963,NA,NA,NA,0.835971856,0,NA,0,0.329596322,0
Antirrhinum_lopesianum,Antirrhinum molle lopesianum,Acanthaceae,Plantae,Iriondo; Albert; Giménez; Lozano; Escudero,Book,2009,4,Temperate,NA,0.700757369,0.870496407,NA,NA,NA,0.501222997,0,NA,0,0.159770263,0
Aquilegia_chrysantha,Aquilegia chrysantha,Ranunculaceae,Plantae,Stubben,PhD thesis,2007,12,Alpine & Arctic,0.1365,0.407406204,0.6982,NA,0.076923077,0,0.160095529,0,NA,39.1695,3.3456,0
Arabis_fecunda,Boechera fecunda,Brassicaceae,Plantae,Lesica; Shelly,Am J Bot,1995,7,Temperate,NA,0.707499755,0.618482792,NA,NA,NA,0.304081373,0,NA,0,2.758094702,0.371981746
Arisaema_serratum,Arisaema serratum,Araceae,Plantae,Kinoshita,Plant Spp Biol,1987,6,Temperate,NA,0.526157708,0.843853418,NA,NA,NA,0.036959114,0,NA,0,6.322231728,0
Armeria_maritima,Armeria maritima,Plumbaginaceae,Plantae,Lefebvre; Chandler-Mortimer,J Appl Ecol,1984,5,Temperate,NA,0.227573074,0.881999381,NA,NA,NA,0.084959484,0,NA,0,37.23622286,0
Armeria_merinoi,Armeria merinoi,Plumbaginaceae,Plantae,Iriondo; Albert; Giménez; Lozano; Escudero,Book,2009,6,Temperate,NA,0.625207739,0.682386816,NA,NA,NA,0.503217082,0,NA,0,0.197189622,0
Artemisia_genipi,Artemisia genipi,Compositae,Plantae,Marcante; Winkler; Erschbamer,Annals Bot,2009,3,Temperate,NA,0.822968269,0.907088395,NA,NA,NA,0.12337706,0,NA,0,0.56690504,0
Asclepias_meadii,Asclepias meadii,Apocynaceae,Plantae,Bell; Bowles; McEachern,Book,2003,6,Temperate,NA,0.812501884,0.7333,0.98755,NA,NA,0.011119808,0.090890495,0.038630955,0,0.39995,0
Astragalus_michauxii,Astragalus michauxii,Leguminosae,Plantae,Wall; Hoffmann; Wentworth; Gray; Hohmann,Plant Ecol,2012,3,Temperate,NA,NA,0.832576618,NA,NA,NA,NA,0,NA,0,0,0.128823519
Astragalus_peckii,Astragalus peckii,Leguminosae,Plantae,Martin; Meinke,Popul Ecol,2012,4,Arid,0.51,0.16,0.604706968,NA,0.049019608,0,1,0,NA,27.41194354,2.752981719,0
Astragalus_scaphoides_2,Astragalus scaphoides,Leguminosae,Plantae,Crone; Lesica,Ecology,2004,12,Arid,NA,0.689933262,0.737357912,NA,NA,NA,0.254156921,0,NA,0,1.561432323,0.069568013
Astragalus_tremolsianus,Astragalus tremolsianus,Leguminosae,Plantae,Iriondo; Albert; Giménez; Lozano; Escudero,Book,2009,6,Temperate,NA,0.760903055,0.967725565,NA,NA,NA,0.400822076,0,NA,0,0.118924146,0
Astragalus_tyghensis,Astragalus tyghensis,Leguminosae,Plantae,Kaye; Pyke,Ecology,2003,9,Temperate,NA,0.388666667,0.745594186,NA,NA,NA,1,0,NA,0,0.689613424,0
Borderea_chouardii,Dioscorea chouardii,Dioscoreaceae,Plantae,Garcia,Cons Biol,2003,8,Temperate,0.53,0.934219821,0.9921914,NA,0.056603774,0,0.09315732,0,NA,0.246434255,0.012327236,0
Bothriochloa_ischaemum,Bothriochloa ischaemum,Poaceae,Plantae,Gabbard,PhD thesis,2003,3,Tropical & Subtropical,NA,0.619880783,0.777221728,NA,NA,NA,0.077814937,0,NA,0,1.222717721,0
Braya_fernaldii,Braya fernaldii,Brassicaceae,Plantae,Squires,PhD thesis,2010,3,Alpine & Arctic,0.006,0.701061529,0.652624261,NA,0.833333333,0,0.097502072,0,NA,132.7956514,0,0
Braya_longii,Braya longii,Brassicaceae,Plantae,Squires,PhD thesis,2010,3,Alpine & Arctic,0.011,0.692095959,0.776078808,NA,0.909090909,0,0.069297567,0,NA,206.8315422,0,0
Calathea_micans,Calathea micans,Marantaceae,Plantae,Le Corff; Horvitz,Ecol Model,2005,3,Tropical & Subtropical,NA,0.880414644,1,NA,NA,NA,0.348836081,0,NA,0,0.292654809,0
Calathea_ovandensis,Calathea ovandensis,Marantaceae,Plantae,Horvitz; Schemske,Ecol Monog,1995,5,Tropical & Subtropical,0.5997,0.0566,0.822489155,NA,0.162247791,0.006836752,0.80565371,0,NA,9.501988654,0,0
Calochortus_albus,Calochortus albus,Liliaceae,Plantae,Fiedler,J Ecol,1987,3,Temperate,NA,0.82,0.839677883,NA,NA,NA,0.396341463,0,NA,0,2.262069191,0
Calochortus_lyallii,Calochortus lyallii,Liliaceae,Plantae,Miller; Antos; Allen,PhD thesis,2004,5,Temperate,NA,0.815558507,0.896770503,0.901906302,NA,NA,0.05668461,0.287827711,0.264407902,0,0.818220589,0
Calochortus_macrocarpus,Calochortus macrocarpus,Liliaceae,Plantae,Miller; Antos; Allen,PhD thesis,2004,5,Temperate,NA,0.799840882,0.833945675,0.926108492,NA,NA,0.017485702,0.687016795,0.162607324,0,0.909504116,0
Calochortus_pulchellus,Calochortus pulchellus,Liliaceae,Plantae,Fiedler,J Ecol,1987,3,Temperate,NA,0.53,0.964130901,NA,NA,NA,0.066037736,0,NA,0,2.672035888,0
Carex_bigelowii,Carex bigelowii,Cyperaceae,Plantae,Carlsson; Callaghan,Oikos,1991,4,Alpine & Arctic,NA,0.641164922,0,NA,NA,NA,0.40164566,NA,NA,0,0.069267309,0
Carlina_vulgaris_2,Carlina vulgaris,Asteraceae,Plantae,Jongejans; Jorritsma-Wienk; Becker; Dostál; Mildén,J Ecol,2010,3,Temperate,NA,0.78305549,0,NA,NA,NA,0.186630943,NA,NA,0,23.14342069,0
Centaurea_horrida,Centaurea horrida,Compositae,Plantae,Pisanu; Farris; Filigheddu; Begona Garcia,Plant Ecol,2012,6,Temperate,NA,0.78163672,0.959931137,NA,NA,NA,0.186889401,0,NA,0,0.119951508,0
Centaurea_stoebe_2,Centaurea stoebe,Compositae,Plantae,Maines; Knochel; Seastedt,Ecosphere,2013,NA,Temperate,0.2,0.190813285,0.23,NA,1,0,0.477083515,0,NA,0.2,0,0
Cimicifuga_elata,Actaea elata,Ranunculaceae,Plantae,Kaye; Pyke,Ecology,2003,6,Temperate,NA,0.797462874,0.941466667,0.999883333,NA,NA,0.086831728,0.214629656,0.123564416,0,2.9288,0
Cimicifuga_rubifolia,Actaea cordifolia,Ranunculaceae,Plantae,Cook; Lyons,PhD thesis,1993,4,Tropical & Subtropical,NA,1,0.884203351,NA,NA,NA,0.6435,0,NA,0,0.081555844,0
Cirsium_palustre,Cirsium palustre,Compositae,Plantae,Ramula,Acta Oeco,2008,4,Temperate,0.161666667,0.150579241,0.041666667,NA,0.851546392,0,0.096654225,0,NA,18.73459205,126.2173469,0
Cirsium_perplexans,Cirsium perplexans,Compositae,Plantae,Dodge,PhD thesis,2005,4,Temperate,0.336,0.327788472,0.264,NA,0.255952381,0,0.116413121,0,NA,19.98,6.87,0
Cirsium_pitcheri_8,Cirsium pitcheri,Asteraceae,Plantae,Jolls; Marik; Hamze; Havens,Biol Cons,2015,19,Temperate,NA,0.650348993,0,NA,NA,NA,0.175171865,NA,NA,0,2.9018,0
Cirsium_scariosum,Cirsium scariosum,Compositae,Plantae,Dodge,PhD thesis,2005,4,Temperate,0.336,0.702286353,0,NA,0.255952381,0,0.018297357,NA,NA,14.48,4.98,0
Cirsium_undulatum_var._tracyi,Cirsium tracyi,Compositae,Plantae,Dodge,PhD thesis,2005,4,Temperate,0.336,0.881767835,0,NA,0.255952381,0,0.09480365,NA,NA,29.81,10.25,0
Cirsium_vulgare,Cirsium vulgare,Compositae,Plantae,Bullock; Hill; Silvertown,J Ecol,1994,6,Temperate,0.01025,0.246330708,0.24475,NA,0.043902439,0,0.482721024,0,NA,138.8415,8.38595,0
Cirsium_vulgare_3,Cirsium vulgare,Compositae,Plantae,Forcella; Wood,Weed Res,1986,5,Temperate,0.0978,0.003653857,0,NA,1,0,0.417959629,NA,NA,2128,0,0
Cleistes_divaricata_var._bifaria,Cleistesiopsis bifaria,Orchidaceae,Plantae,Wells; Willems,Book,1991,8,Temperate,0.46875,0.772649521,0.11125,NA,0.085333333,0.058666667,0.073522435,0,NA,0.4325,0.08,0
Cleistes_divaricata_var._divaricata,Cleistesiopsis divaricata,Orchidaceae,Plantae,Wells; Willems,Book,1991,6,Temperate,0.59,0.795912033,0.348333333,NA,0.480225989,0.062146893,0.094051414,0,NA,0.253333333,0.25,0
Cochlearia_bavarica,Cochlearia bavarica,Brassicaceae,Plantae,Abs,Folia Geobot,1999,2,Temperate,0.12,0.316538153,0.47,NA,1,0,0.309099391,0,NA,14,0,0
Cochlearia_pyrenaica,Cochlearia pyrenaica,Brassicaceae,Plantae,Abs,Folia Geobot,1999,2,Temperate,0.2,0.309559463,0.3,NA,1,0,0.279498957,0,NA,24,0,0
Cryptantha_flava,Cryptantha flava,Boraginaceae,Plantae,Lucas; Forseth; Casper,J Ecol,2008,3,Arid,NA,0.697,0.698927951,NA,NA,NA,1,0,NA,0,0.24989014,0
Cynoglossum_officinale,Cynoglossum officinale,Boraginaceae,Plantae,Boorman; Fuller,New Phyto,1984,4,Temperate,0.25,0.203338873,0.16,NA,1,0,0.04627649,0,NA,222.75,74.25,0
Cypripedium_calceolus,Cypripedium calceolus,Orchidaceae,Plantae,Nicolè; Brzosko; Till-Bottraud,J Ecol,2005,10,Temperate,0.001138575,0.805065536,0.987992962,0.933753264,0.002750001,0,0.111057536,0.085867063,0.475715513,10185.90162,0,0
Cypripedium_fasciculatum,Cypripedium fasciculatum,Orchidaceae,Plantae,Thorpe; Stanley; Kayne; Latham,Report,2011,9,Temperate,NA,0.855030533,0.961691667,0.839875,NA,NA,0.135135628,0.054677955,0.133700451,0,0.35,0
Cypripedium_parviflorum_var._parviflorum,Cypripedium parviflorum,Orchidaceae,Plantae,Shefferson; Warren II.; Pulliam,J Ecol,2014,19,Temperate,NA,0.222492222,0.828396252,NA,NA,NA,0.000440552,0,NA,0,766.9707656,0
Dactylorhiza_lapponica_2,Dactylorhiza lapponica,Orchidaceae,Plantae,Sletvold; Dahlgren; Øien; Moen; Ehrlen,Glob Change Biol,2013,30,Tropical & Subtropical,NA,0.017214404,0.932,0.9975,NA,NA,0.251135531,0.097103004,0.05764411,0,227,0
Danthonia_sericea,Danthonia sericea,Poaceae,Plantae,Moloney,Ecology,1988,3,Temperate,NA,0.3017,0.795235745,NA,NA,NA,0.529333775,0,NA,0,1.576247418,0
Daucus_carota,Daucus carota,Apiaceae,Plantae,Verkaar; Schenkeveld,New Phyto,1984,4,Temperate,0.315,0.663500339,0,NA,1,0,0.057466992,NA,NA,56.71,24.29,0
Dicerandra_frutescens,Dicerandra frutescens,Lamiaceae,Plantae,Menges; Quintana-Ascencio; Weekley; Gaoue,Biol Cons,2006,13,Temperate,0.102,0.591053002,0.748306709,NA,0.019607843,0,0.261075324,0,NA,77.31005158,0.222889015,0
Digitalis_purpurea_2,Digitalis purpurea,Plantaginaceae,Plantae,Sletvold; Rydgren,J Ecol,2007,3,Temperate,0.750004491,0.383890805,0,NA,5.99E-06,0,0.220869446,NA,NA,17467.5,0.642,0
Dipsacus_sylvestris_2,Dipsacus fullonum,Caprifoliaceae,Plantae,Werner; Caswell,Ecology,1977,6,Temperate,0.589439067,0.228294346,0,NA,0.068555779,0,0.156409275,NA,NA,314.029625,0,0
Disporum_sessile,Disporum sessile,Colchicaceae,Plantae,Kawano; Takada; Nakayama; Hiratsuka,Book,1987,8,Temperate,0.1,0.82,0.856235271,NA,1,0,0.657317073,0,NA,0.698227068,0.213742141,0
Draba_asterophora,Draba asterophora,Brassicaceae,Plantae,Putnam,PhD thesis,2013,4,Temperate,NA,0.84,0.890481178,NA,NA,NA,1,0,NA,0,0.100047635,0
Echinacea_angustifolia_2,Echinacea angustifolia,Compositae,Plantae,Hurlburt,PhD thesis,1999,3,Temperate,NA,0.774602479,0.967837265,0.999975,NA,NA,0.154776089,0.043186916,0.638465962,0,0.210042274,0
Echium_vulgare,Echium vulgare,Boraginaceae,Plantae,Klemow; Raynal,J Ecol,1985,4,Temperate,NA,0.403369434,0,NA,NA,NA,0.112494608,NA,NA,0,40.572,0
Erodium_paularense,Erodium paularense,Geraniaceae,Plantae,Iriondo; Albert; Giménez; Lozano; Escudero,Book,2009,6,Temperate,NA,0.6372,0.946163693,NA,NA,NA,1,0,NA,0,0.054846717,0
Eryngium_alpinum,Eryngium alpinum,Apiaceae,Plantae,Andrello; Bizoux; Barbet-Massin; Gaudeul; Nicolè; Till-Bottraud,Biol Cons,2012,10,Temperate,NA,0.25320086,0.939689216,NA,NA,NA,0.107393798,0,NA,0,21.67611746,0
Eryngium_cuneifolium,Eryngium cuneifolium,Apiaceae,Plantae,Menges; Quintana-Ascencio,Ecol Monog,2004,11,Temperate,0.5025,0.489908114,0.637940917,NA,0.004975124,0,0.239334557,0,NA,240.9216085,0,0
Erythronium_japonicum_2,Erythronium japonicum,Liliaceae,Plantae,Kawano; Takada; Nakayama; Hiratsuka,Book,1987,8,Temperate,0.09,0.823154076,0.982003183,NA,1,0,0.097436335,0,NA,23.77008508,0,0
Fritillaria_meleagris,Fritillaria meleagris,Liliaceae,Plantae,Zhang; Hytteborn,Hol Ecol,1985,3,Alpine & Arctic,NA,0.859113473,0.964036243,0.511619828,NA,NA,0.126299269,0.107999506,0.393792675,0,0.407798658,0
Gentianella_campestris,Gentianella campestris,Gentianaceae,Plantae,Lennartsson; Oostermeijer,J Ecol,2001,6,Temperate,0.382567899,0.642837467,0,NA,0.00041469,0,1,NA,NA,635.7863449,0.833034914,0
Geum_rivale,Geum rivale,Rosaceae,Plantae,Kiviniemi,Plant Ecol,2002,6,Temperate,NA,0.737967512,0.943666667,NA,NA,NA,0.15252161,0,NA,0,1.392833333,0
Helenium_virginicum,Helenium virginicum,Compositae,Plantae,Adams; Marsh; Knox,Biol Cons,2005,16,Temperate,0.9888,0.261561028,0.2657,NA,0.001820388,0,0.234399626,0,NA,1025,0.0075,0
Helianthemum_polygonoides,Helianthemum polygonoides,Cistaceae,Plantae,Iriondo; Albert; Gimenez; Lozano; Escudero,Book,2009,6,Temperate,0.69424,0.5074,0.753395985,NA,0.00322655,0,0.201813165,0,NA,96.25785542,0.250926648,0
Heliconia_acuminata,Heliconia acuminata,Heliconiaceae,Plantae,Bruna,Ecology,2003,3,Tropical & Subtropical,NA,0.888141667,0.982960801,NA,NA,NA,0.971851338,0,NA,0,0.034390821,0
Heracleum_mantegazzianum,Heracleum mantegazzianum,Apiaceae,Plantae,Nehrbass; Winkler; Pergl; Perglová; Pyšek,Pers Plant Ecol Evol Syst,2006,3,Temperate,NA,0.657380026,0.5,NA,NA,NA,0.14000175,0,NA,0,1.85,0
Hilaria_mutica,Hilaria mutica,Poaceae,Plantae,Vega; Montaña,Plant Ecol,2004,3,Arid,NA,0.36365,0.73488878,NA,NA,NA,0.479857005,0,NA,0,1.068759247,0
Himantoglossum_hircinum,Himantoglossum hircinum,Orchidaceae,Plantae,Pfeifer; Wiegand; Heinrich; Jetschke,J Appl Ecol,2006,26,Temperate,0.0112,0.875501469,0.875,0.992,0.982142857,0.017857143,0.061511252,0.082285714,0.007056452,1000,0,0
Horkelia_congesta,Horkelia congesta,Rosaceae,Plantae,Kaye; Benfield,Report,2004,7,Temperate,NA,0.866342857,0.931348524,NA,NA,NA,0.209488677,0,NA,0,0.290244289,0
Ipomoea_leptophylla,Ipomoea leptophylla,Convolvulaceae,Plantae,Keeler,Am Midl Nat,1991,11,Temperate,NA,1,0.885108745,NA,NA,NA,0.3,0,NA,0,2.27074398,0
Ipomopsis_aggregata,Ipomopsis aggregata,Polemoniaceae,Plantae,Brody; Price; Waser,Oikos,2007,10,Arid,NA,0.01,0.304956109,NA,NA,NA,1,0,NA,0,6.92690392,0
Ipomopsis_tenuituba,Ipomopsis tenuituba,Polemoniaceae,Plantae,Campbell; Waser,Am Nat,2007,11,Temperate,NA,0.344267661,0.750816141,NA,NA,NA,0.082676763,0,NA,0,12.27581182,0
Isatis_tinctoria,Isatis tinctoria,Brassicaceae,Plantae,Farah; Tanaka; West,Weed Sci,1988,2,Arid,0.025,0.55254673,0.81,0,1,0,0.16587231,1,NA,496,0,0
Lactuca_virosa,Lactuca virosa,Compositae,Plantae,Boorman; Fuller,New Phyto,1984,4,Temperate,0.015625,0.034883721,0,NA,1,0,0.111111111,NA,NA,16000,0,0
Lathyrus_vernus,Lathyrus vernus,Leguminosae,Plantae,Ehrlen,J Ecol,1995,4,Temperate,0.465848485,0.902514993,0.973051281,0.824248161,0.190919144,0,0.092561688,0.06431571,0.391031081,0.77181344,0.196607735,0
Lepanthes_rupestris_2,Lepanthes rupestris,Orchidaceae,Plantae,Tremblay; McCarthy,PLoS ONE,2014,4,Tropical & Subtropical,NA,0.873130301,0.89551387,NA,NA,NA,0.231100036,0,NA,0,0.366095834,0
Lespedeza_virginica,Lespedeza virginica,Fabaceae,Plantae,Schutzenhofer; Valone; Knight,Oeco,2009,2,Temperate,0.023091742,NA,0.440845355,0,0,1,NA,0.001821164,NA,20.70105793,0,1.134663288
Liatris_scariosa,Liatris scariosa,Compositae,Plantae,Ellis,Ecology,2012,6,Temperate,NA,0.723762826,0.710017674,0.589365103,NA,NA,0.084233302,0.632601723,0.138532823,0,12.10699695,0
Limonium_carolinianum,Limonium carolinianum,Plumbaginaceae,Plantae,Baltzer; Reekie; Hewlin; Taylor; Boates,Can J Bot,2002,4,Temperate,0.035,0.292091005,0.853320852,NA,1,0,0.003572218,0,NA,3055.643404,0,0
Limonium_delicatulum,Limonium delicatulum,Plumbaginaceae,Plantae,Hegazy,J Appl Ecol,1992,2,Temperate,0.393966005,0.0856029,0.534049577,NA,0.184472782,0,0.328796411,0,NA,482.1075707,0,0
Limonium_geronense,Limonium geronense,Plumbaginaceae,Plantae,Iriondo; Albert; Giménez; Lozano; Escudero,Book,2009,6,Temperate,NA,0.718962097,0.861954915,NA,NA,NA,0.316520083,0,NA,0,0.30855014,0
Limonium_malacitanum,Limonium malacitanum,Plumbaginaceae,Plantae,Iriondo; Albert; Giménez; Lozano; Escudero,Book,2009,6,Temperate,NA,0.428681081,0.797755926,NA,NA,NA,0.340485522,0,NA,0,0.144249088,0
Linum_catharticum,Linum catharticum,Linaceae,Plantae,Verkaar; Schenkeveld,New Phyto,1984,4,Temperate,0.1173,0.557,0.080537052,NA,0.036658142,0.963341858,1,0,NA,18.64900994,0,2.107338123
Lithospermum_ruderale,Lithospermum ruderale,Boraginaceae,Plantae,Bricker; Maron,Ecology,2012,3,Temperate,0.622274129,0.655981002,0.94511545,NA,0.489923415,0,0.134098721,0,NA,2.851896735,0.046876395,0
Lobularia_maritima,Lobularia maritima,Brassicaceae,Plantae,Picó; de Kroon; Retano,Ecology,2002,6,Temperate,0.105499999,0.687834,0.871317796,NA,0.131121641,0.03633491,0.091834658,0,NA,15.56526401,0.563163503,0
Lomatium_bradshawii,Lomatium bradshawii,Apiaceae,Plantae,Kaye; Pyke,Ecology,2003,10,Temperate,NA,0.532219017,0.770916927,NA,NA,NA,0.424043164,0,NA,0,0.573942202,0
Lomatium_cookii,Lomatium cookii,Apiaceae,Plantae,Kaye; Pyke,Ecology,2003,6,Temperate,NA,0.737639791,0.797482715,NA,NA,NA,0.077580042,0,NA,0,2.320594335,0
Lotus_arinagensis,Lotus arinagensis,Leguminosae,Plantae,Iriondo; Albert; Giménez; Lozano; Escudero,Book,2009,4,Temperate,NA,0.1095,0.613030262,NA,NA,NA,1,0,NA,0,4.128315946,0
Lupinus_tidestromii,Lupinus tidestromii,Leguminosae,Plantae,Dangremond; Knight,Ecology,2010,3,Arid,1,0.429488889,0.688049368,NA,0.738889719,0,1,0,NA,0.444185399,0.093629315,0
Mimulus_cardinalis,Mimulus cardinalis,Phrymaceae,Plantae,Angert,Ecology,2006,3,Temperate,0.197317378,NA,0.378345631,NA,0,0.000341469,NA,0,NA,17179.45709,0,0
Mimulus_lewisii,Mimulus lewisii,Phrymaceae,Plantae,Angert,Ecology,2006,3,Temperate,0.032997964,NA,0.565573304,NA,0,0.000948451,NA,0,NA,16108.41807,0,0
Minuartia_obtusiloba,Minuartia obtusiloba,Caryophyllaceae,Plantae,Forbis; Doak,Am J Bot,2004,4,Arid,NA,0.952445332,0.920346,NA,NA,NA,0.475564579,0,NA,0,0.087999179,0
Molinia_caerulea,Molinia caerulea,Poaceae,Plantae,Jacquemyn; Brys; Neubert,Ecol Appl,2005,4,Temperate,NA,0.696447388,0.956487475,NA,NA,NA,0.222816592,0,NA,0,7.42096465,0
Nardostachys_grandiflora,Nardostachys jatamansi,Caprifoliaceae,Plantae,Ghimire; Gimenez; Pradel; McKey; Aumeeruddy-Thomas,J Appl Ecol,2008,4,Tropical & Subtropical,NA,0.75834875,0.923541396,NA,NA,NA,0.533027527,0,NA,0,0.451534502,0
Oenothera_deltoides,Oenothera deltoides,Onagraceae,Plantae,Thomson,Cons Biol,2005,4,Arid,0.890047,0.36,0.384967792,NA,0.074442698,0,1,0,NA,0.681289708,0,0
Orchis_purpurea,Orchis purpurea,Orchidaceae,Plantae,Jacquemyns; Brys; Jongejans,Ecology,2010,7,Temperate,0.014534575,0.97527483,0.975055556,NA,0.051528012,0,0.322575859,0,NA,193.9108552,0,0
Oxytropis_jabalambrensis,Oxytropis jabalambrensis,Leguminosae,Plantae,Iriondo; Albert; Giménez; Lozano; Escudero,Book,2009,5,Temperate,NA,0.594574895,0.591019643,NA,NA,NA,0.795192213,0,NA,0,4.817431369,0
Panax_quinquefolius_2,Panax quinquefolius,Araliaceae,Plantae,Nantel; Gagnon; Nault,Cons Biol,1996,3,Temperate,0.09,0.275972721,0.946376781,NA,1,0,0.385987047,0,NA,10.62634328,0,0
Panax_quinquefolius_3,Panax quinquefolius,Araliaceae,Plantae,Shahi,PhD thesis,2007,2,Temperate,0.08,0.888,0.979104864,0.505,1,0,0.416666667,0.249573875,0.813861386,4.325396235,0,0
Paronychia_pulvinata,Paronychia pulvinata,Caryophyllaceae,Plantae,Forbis; Doak,Am J Bot,2004,4,Temperate,NA,0.778451327,0.978600969,NA,NA,NA,0.38083736,0,NA,0,0.037576188,0
Pedicularis_furbishiae,Pedicularis furbishiae,Orobanchaceae,Plantae,Menges,Cons Biol,1990,4,Temperate,NA,0.575698429,0.928483701,NA,NA,NA,0.155605394,0,NA,0,5.217166539,0
Petrocoptis_pseudoviscosa_2,Silene glaucifolia pseudoviscosa,Caryophyllaceae,Plantae,García; Guzman; Goñi,Biol Cons,2002,9,Temperate,0.507,0.65916,0.959277921,NA,0.013806706,0,1,0,NA,2.552031789,0.039633238,0
Phaseolus_lunatus,Phaseolus lunatus,Leguminosae,Plantae,Degreef; Baudoin; Rocha,Gen Res Crop Evol,1997,3,Tropical & Subtropical,0.337576306,0.01,0.085636034,NA,0.365694503,0.242093116,1,0,NA,5.198044381,0,0
Picris_hieracioides,Picris hieracioides,Compositae,Plantae,Klemow; Raynal,J Ecol,1985,4,Temperate,0.379,0.026767902,0,NA,1,0,0.160631708,NA,NA,170.775,104.225,0
Plantago_media,Plantago media,Plantaginaceae,Plantae,Eriksson; Eriksson,J Veg Sci,2000,5,Temperate,NA,0.488681785,0.96375,NA,NA,NA,0.225687415,0,NA,0,1.2575,0
Polemonium_van-bruntiae,Polemonium van-bruntiae,Polemoniaceae,Plantae,Bermingham,Plant Ecol,2010,4,Temperate,0.222222222,0.701139511,0.416666667,NA,1,0,0.026360929,0,NA,0.101111111,104.8188889,0
Primula_elatior,Primula elatior,Primulaceae,Plantae,Jacquemyn; Brys,Ecology,2008,4,Temperate,NA,0.277232418,0.974405858,NA,NA,NA,0.227473239,0,NA,0,2.252687304,0
Primula_farinosa,Primula farinosa,Primulaceae,Plantae,Lindborg; Ehrlén,Cons Biol,2002,4,Temperate,NA,0.877050632,0.921166667,NA,NA,NA,0.141138577,0,NA,0,0.675444444,0
Primula_veris_2,Primula veris,Primulaceae,Plantae,Lehtilä; Syrjänen; Leimu; Garcia; Ehrlén,Cons Biol,2006,4,Temperate,0.246859109,0.470361306,0.978558207,NA,0.57076053,0,0.043715425,0,NA,10.59053082,14.09603589,0
Primula_vulgaris,Primula vulgaris,Primulaceae,Plantae,Valverde; Silvertown,J Ecol,1998,3,Temperate,NA,0.518868345,0.943765968,NA,NA,NA,0.374801581,0,NA,0,1.783693465,0
Primula_vulgaris_3,Primula vulgaris,Primulaceae,Plantae,Valdes; Garcia; Garcia; Ehrlen,Ecography,2013,3,Temperate,NA,0.268288393,0.824333333,NA,NA,NA,0.292277483,0,NA,0,1.958,0
Pyrrocoma_radiata,Pyrrocoma radiata,Compositae,Plantae,Pfingsten,PhD thesis,2013,11,Arid,NA,0.591759162,0.939625,NA,NA,NA,0.179750296,0,NA,0,6.3536,0
Ramonda_myconi,Ramonda myconi,Gesneriaceae,Plantae,Picó; Riba,Plant Ecol,2002,6,Temperate,NA,0.81784201,0.992919746,NA,NA,NA,0.067636868,0,NA,0,0.360692178,0
Ranunculus_bulbosus,Ranunculus bulbosus,Ranunculaceae,Plantae,Sarukhan; Harper,J Ecol,1973,2,Temperate,0.507,0.422,0.615,0,0.877712032,0,1,0,NA,9.92,0,0
Rumex_rupestris,Rumex rupestris,Polygonaceae,Plantae,Iriondo; Albert; Giménez; Lozano; Escudero,Book,2009,6,Temperate,NA,0.456645351,0.659983873,NA,NA,NA,0.463021395,0,NA,0,0.106384294,0
Sanicula_europaea,Sanicula europaea,Apiaceae,Plantae,Gustafsson; Ehrlén,Oikos,2003,3,Temperate,NA,0.732896426,0.95,NA,NA,NA,0.185151629,0,NA,0,0.762,0
Santolina_melidensis,Santolina melidensis,Compositae,Plantae,Iriondo; Albert; Giménez; Lozano; Escudero,Book,2009,6,Temperate,NA,0.707783965,0.872379196,NA,NA,NA,0.22249181,0,NA,0,0.142541541,0
Sarracenia_purpurea,Sarracenia purpurea,Sarraceniaceae,Plantae,Gotelli; Ellison,Ecol Appl,2006,3,Temperate,NA,0.812904569,0.98575,NA,NA,NA,0.046424159,0,NA,0,4,0
Saussurea_medusa,Saussurea medusa,Compositae,Plantae,Law; Salick; Knight,Plant Ecol,2010,5,Alpine & Arctic,NA,0.753525989,0,NA,NA,NA,0.0400773,NA,NA,0,13.8397611,0
Scorzonera_humilis,Scorzonera humilis,Compositae,Plantae,Colling; Matthies,J Ecol,2006,4,Temperate,NA,0.3675,0.920194144,NA,NA,NA,1,0,NA,0,0.121101669,0
Senecio_jacobaea,Jacobaea vulgaris,Compositae,Plantae,Forbes,Weed Res,1977,2,Temperate,NA,0.364542683,0.25,NA,NA,NA,0.444004668,0,NA,0,3.78125,0.03125
Senecio_jacobaea_2,Jacobaea vulgaris,Compositae,Plantae,Crider,PhD thesis,2009,2,Temperate,0.01,0.871462749,0.53,NA,1,0,0.073493121,0,NA,0,11.5663,0
Silene_acaulis,Silene acaulis,Caryophyllaceae,Plantae,Morris; Doak,Am J Bot,1998,2,Alpine & Arctic,0.2804,0.904975161,0.993867518,NA,0.42767475,0,0.102281666,0,NA,0.071264803,0.157855272,0
Silene_douglasii_var._oraria,Silene douglasii oraria,Caryophyllaceae,Plantae,Kephart; Paladino,Am J Bot,1997,11,Temperate,NA,0.706173243,0.984,NA,NA,NA,0.35651493,0,NA,0,0.16,0
Silene_regia,Silene regia,Caryophyllaceae,Plantae,Menges; Dolan,J Ecol,1998,8,Temperate,NA,0.323994094,0.939678726,0.978,NA,NA,0.320302918,0.086459739,0.72941377,0,8.282943528,0
Silene_spaldingii,Silene spaldingii,Caryophyllaceae,Plantae,Lesica; Crone,J Ecol,2007,13,Temperate,NA,0.789424822,0.909989499,1,NA,NA,0.285570072,0.505958168,0.408412308,0,0.453828333,0.038243333
Solidago_altissima,Solidago altissima,Compositae,Plantae,Schmid,JPDP,1990,2,Temperate,NA,0.100040975,0.999943452,NA,NA,NA,2.87E-07,0,NA,0,12760.02419,0
Sonchus_pustulatus,Sonchus pustulatus,Asteraceae,Plantae,Silva; Mejias; Garcia,Bas Appl Ecol,2015,6,Temperate,NA,0.813432878,0.901370335,NA,NA,NA,0.182239706,0,NA,0,0.057801543,0
Succisa_pratensis_3,Succisa pratensis,Caprifoliaceae,Plantae,Milden,PhD thesis,2005,4,Alpine,0.145667734,0.575084772,0.910860448,NA,0.038908641,0,0.096724673,0,NA,29.63459892,1.008651754,0
Tragopogon_pratensis,Tragopogon pratensis,Compositae,Plantae,Milden; Eriksson,Ann Bot Fen,2007,4,Temperate,0,0.247770677,0,NA,NA,NA,0.397215704,NA,NA,0,7.243388571,0
Trillium_apetalon,Trillium apetalon,Melanthiaceae,Plantae,Ohara; Takada; Kawano,Plant Spp Biol,2001,12,Temperate,NA,0.305042761,0.079,NA,NA,NA,0.000467652,0,NA,0,0.412,0
Trillium_camschatcense,Trillium camschatcense,Melanthiaceae,Plantae,Ohara; Tomimatsu; Takada; Kawano,Plant Spp Biol,2006,13,Temperate,NA,0.579509129,0.999,NA,NA,NA,0.048644435,0,NA,0,2.706,0
Trillium_grandiflorum_3,Trillium grandiflorum,Melanthiaceae,Plantae,Schmucki,PhD thesis,2009,3,Temperate,0.39945,0.668511224,0.896249338,NA,1,0,0.04281907,0,NA,11.96465472,0,0
Trillium_persistens,Trillium persistens,Melanthiaceae,Plantae,Plank,MSc thesis,2010,2,Temperate,NA,0.80055805,0.77,NA,NA,NA,0.062702757,0,NA,0,1.8065,0
Trollius_laxus_2,Trollius laxus,Ranunculaceae,Plantae,Scanga,Plant Ecol,2014,7,Temperate,NA,0.475350429,0.925981541,NA,NA,NA,1,0,NA,0,0.003098143,0
Viola_elatior,Viola elatior,Violaceae,Plantae,Eckstein; Otte,Flora,2004,2,Temperate,NA,0.582532402,0.805139013,NA,NA,NA,0.200429311,0,NA,0,1.334377949,0
Viola_pumila,Viola pumila,Violaceae,Plantae,Eckstein; Danihelka; Otte,Biol,2009,2,Temperate,NA,0.559471561,0.849102851,NA,NA,NA,0.143653395,0,NA,0,1.330890622,0
Zea_diploperennis,Zea diploperennis,Poaceae,Plantae,Sanchez-Velazquez; Ezcurra; Martinez-Ramos; Alvarez-Buylla; Lorente,J Ecol,2002,6,Alpine & Arctic,0.412570863,0.599325,0.892931978,NA,0.002292606,0,0.149042673,0,NA,50.19541021,0,0
Alyxia_stellata,Alyxia stellata,Apocynaceae,Plantae,Wong; Ticktin,Environ Cons,2014,5,Temperate,NA,0.758030758,0.872344192,NA,NA,NA,0.068880028,0,NA,0,0.456037655,0
Astrocaryum_mexicanum,Astrocaryum mexicanum,Arecaceae,Plantae,Pinero; Martinez; Sarukhan,Ecology,1984,7,Tropical & Subtropical,NA,0.227244647,0.995758087,NA,NA,NA,0.005201353,0,NA,0,10.78355615,0
Borassus_aethiopum,Borassus aethiopum,Arecaceae,Plantae,Barot;  Gignoux; Vuattoux,J Trop Ecol,2000,3,Tropical & Subtropical,0.126,0.92592267,0.956,NA,1,0,0.000561299,0,NA,68,0,0
Chamaedorea_elegans,Chamaedorea elegans,Arecaceae,Plantae,Valverde; Hernandez-Apolinor; Mendoza-Amarom,J Sust Forestry,2006,4,Tropical & Subtropical,NA,0.838138918,0.95257319,NA,NA,NA,0.039071195,0,NA,0,1.74170814,0
Chamaedorea_radicalis,Chamaedorea radicalis,Arecaceae,Plantae,Endress; Gorchov; Robert; Noble,Ecol Appl,2004,7,Temperate,0.278166667,0.926797483,0.970292948,NA,0.852606351,0,0.136501941,0,NA,2.355207964,0,0
Coccothrinax_readii,Coccothrinax readii,Arecaceae,Plantae,Olmsted; Alvarez-Buylla,Ecol Appl,1995,2,Tropical & Subtropical,NA,0.790090312,0.95,NA,NA,NA,0.000630938,0,NA,0,55.8,0
Dioon_caputoi,Dioon caputoi,Zamiaceae,Plantae,Cabrera-Toledo,PhD thesis,2009,4,Tropical & Subtropical,NA,0.895065577,0.996639745,NA,NA,NA,0.00897769,0,NA,0,0.204071999,0
Dioon_edule,Dioon edule,Zamiaceae,Plantae,Octavio-Aguilar; Gonzalez-Astorga; Vovides,Bot J Lin Soc,2008,3,Tropical & Subtropical,0.0976,0.962038151,1,NA,1,0,0.16771524,0,NA,2.1576667,0,0
Dioon_sonorense,Dioon sonorense,Zamiaceae,Plantae,Álvarez-Yépiz; Dovciak; Búrquez,Biol Cons,2011,3,Arid,NA,0.800005759,1,NA,NA,NA,0.072402151,0,NA,0,5.1,0
Dioon_spinulosum,Dioon spinulosum,Zamiaceae,Plantae,Castaneda,MSc thesis,2008,2,Tropical & Subtropical,NA,0.903924665,0.998,NA,NA,NA,0.000228837,0,NA,0,19.3955,0
Encephalartos_cycadifolius,Encephalartos cycadifolius,Zamiaceae,Plantae,Raimondo; Donaldson,Biol Cons,2003,9,Tropical & Subtropical,0.685428571,0.740998415,0.987063476,NA,0.647769905,0,0.021537521,0,NA,1.487283406,0,0
Encephalartos_villosus,Encephalartos villosus,Zamiaceae,Plantae,Raimondo; Donaldson,Biol Cons,2003,9,Tropical & Subtropical,NA,0.897377062,0.98945844,NA,NA,NA,0.016877729,0,NA,0,0.623197524,0
Eremospatha_macrocarpa,Eremospatha macrocarpa,Arecaceae,Plantae,Kouassi; Barot; Gignoux; Bi,J Trop Ecol,2008,3,Tropical & Subtropical,NA,0.858636968,0.9526,NA,NA,NA,0.033851301,0,NA,0,0.2209,0
Euterpe_edulis,Euterpe edulis,Arecaceae,Plantae,Silva-Matos; Freckleton; Watkinson,Ecology,1999,4,Tropical & Subtropical,NA,0.819363818,0.9954,NA,NA,NA,0.001439787,0,NA,0,98,0
Euterpe_precatoria_2,Euterpe precatoria,Arecaceae,Plantae,Otárola; Avalos,Am J Bot,2014,4,Tropical & Subtropical,NA,0.814887185,0.967,NA,NA,NA,0.016889664,0,NA,0,0.25,0
Geonoma_brevispatha,Geonoma pohliana weddelliana,Arecaceae,Plantae,Souza; Martins,Aust Ecol,2006,3,Tropical & Subtropical,NA,0.848,0.920956678,NA,NA,NA,0.191037736,0,NA,0,0.2600134,0
Geonoma_orbignyana,Geonoma orbignyana,Arecaceae,Plantae,Rodríguez-Buriticá; Orjuela; Galeano,Forest Ecol Manag,2005,2,Tropical & Subtropical,NA,0.939482148,0.980945551,NA,NA,NA,0.005049353,0,NA,0,2.743500536,0
Iriartea_deltoidea,Iriartea deltoidea,Arecaceae,Plantae,Pinard,Biotrop,1993,2,Tropical & Subtropical,NA,0.891398349,0.966635223,NA,NA,NA,0.005551072,0,NA,0,0.781692184,0
Laccosperma_secundiflorum,Laccosperma secundiflorum,Arecaceae,Plantae,Kouassi; Barot; Gignoux; Bi,J Trop Ecol,2008,3,Tropical & Subtropical,NA,0.957098472,0.75,NA,NA,NA,0.00229717,0,NA,0,2.542,0
Mauritia_flexuosa,Mauritia flexuosa,Arecaceae,Plantae,Holm; Miller; Cropper,Biotrop,2008,3,Tropical & Subtropical,NA,0.56126364,0.931419447,NA,NA,NA,0.005940461,0,NA,0,16.8,0
Neodypsis_decaryi,Dypsis decaryi,Arecaceae,Plantae,Ratsirarson; Silander; Richard,Cons Biol,1996,4,Tropical & Subtropical,NA,0.472430925,0.999241775,NA,NA,NA,0.000625017,0,NA,0,136.1734317,0
Phytelephas_seemannii,Phytelephas seemannii,Arecaceae,Plantae,Bernal,J Appl Ecol,1998,2,Tropical & Subtropical,0.86,0.691920183,0.985716417,NA,0.18,0,0.006041743,0,NA,14.84919997,0,0
Pseudophoenix_sargentii,Pseudophoenix sargentii,Arecaceae,Plantae,Durán; Franco,PhD thesis,1992,3,Tropical & Subtropical,0.03397,0.860219335,0.946166667,NA,1,0,0.001122111,0,NA,1749.028333,0,0
Rhopalostylis_sapida,Rhopalostylis sapida,Arecaceae,Plantae,Enright; Watson,New Zealand J Bot,1992,7,Temperate,NA,0.344491137,0.99326504,NA,NA,NA,8.03E-05,0,NA,0,327.0634422,0
Sabal_yapa,Sabal yapa,Arecaceae,Plantae,Pulido; Valverde; Caballero,J Trop Ecol,2007,3,Tropical & Subtropical,NA,0.723285798,0.96279476,NA,NA,NA,0.000345298,0,NA,0,39.59210789,0
Thrinax_radiata,Thrinax radiata,Arecaceae,Plantae,Olmsted; Alvarez-Buylla,Ecol Appl,1995,2,Tropical & Subtropical,NA,0.759646763,0.93,NA,NA,NA,0.000188045,0,NA,0,514.525,0
Acacia_bilimekii,Acacia bilimekii,Leguminosae,Plantae,Jiménez-Lobato; Valverde,J Arid Env,2006,2,Arid,NA,0.901642827,0.990864467,NA,NA,NA,0.01024231,0,NA,0,10.33899229,0
Ambrosia_deltoidea,Ambrosia deltoidea,Compositae,Plantae,Goldberg; Turner,Ecology,1986,73,Arid,NA,0.588062586,0.471515793,NA,NA,NA,0.157674521,0,NA,0,0.194195258,0
Ardisia_elliptica,Ardisia elliptica,Primulaceae,Plantae,Koop; Horvitz,Ecology,2005,3,Tropical & Subtropical,0.132866667,0.886480149,0.988939599,NA,1,0,0.026370367,0,NA,33.87718621,0,0
Atriplex_acanthocarpa,Atriplex acanthocarpa,Amaranthaceae,Plantae,Verhulst; Montaña; Mandujano; Franco,Oecologia,2008,4,Arid,NA,0.613,0.674251811,NA,NA,NA,0.549755302,0,NA,0,2.133421515,0
Atriplex_canescens,Atriplex canescens,Amaranthaceae,Plantae,Verhulst; Montaña; Mandujano; Franco,Oecologia,2008,4,Arid,NA,0.494,0.904888018,NA,NA,NA,0.374493927,0,NA,0,1.022316705,0
Atriplex_vesicaria,Atriplex vesicaria,Amaranthaceae,Plantae,Hunt,J Appl Ecol,2001,8,Arid,NA,0.463333333,0.965198239,NA,NA,NA,0.587529976,0,NA,0,0.118396792,0
Banksia_ericifolia,Banksia ericifolia,Proteaceae,Plantae,Bradstock; O'Connell,Aust J Ecol,1988,4,Temperate,0.866,0.83210628,0.93,NA,0.263279446,0,0.137045594,0,NA,8.417261423,2.78657755,0
Betula_nana,Betula nana,Betulaceae,Plantae,Ebert; Ebert,Vegetatio,1989,2,Alpine & Arctic,NA,0.613991868,0.902174179,NA,NA,NA,0.489037239,0,NA,0,0.097205291,0
Cassia_nemophila,Cassia nemophila,Leguminosae,Plantae,Silander,Oecologia,1983,51,Arid,0.31,0.107,0.939962946,NA,0.032258065,0,1,0,NA,142.4982688,1.439376453,0
Clidemia_hirta,Clidemia hirta,Melastomataceae,Plantae,DeWalt,Biol Inv,2006,4,Temperate,NA,0.9125,0.996206373,NA,NA,NA,0.268127854,0,NA,0,2.723394673,0
Cytisus_scoparius,Cytisus scoparius,Leguminosae,Plantae,Neubert; Parker,Risk Anal,2004,4,Temperate,0.59608545,0.5919,0.73704195,NA,0.020274694,0,0.48868052,0,NA,138.735788,0,0
Fumana_procumbens,Fumana procumbens,Cistaceae,Plantae,Bengtsson,J Ecol,1993,7,Temperate,NA,0.854359345,0.895695123,0.705,NA,NA,0.240052184,0.07546581,0.689361702,0,0.266487138,0
Gardenia_actinocarpa,Gardenia actinocarpa,Rubiaceae,Plantae,Osunkoya,Biol Cons,2003,7,Tropical & Subtropical,0.079,0.393275348,0.844563606,NA,1,0,0.075933417,0,NA,112.7507297,0,0
Helianthemum_juliae,Helianthemum juliae,Cistaceae,Plantae,Marrero-Gómez; Oostermeijer; Carqué-Álamo; Bañares-Baudet,Biol Cons,2007,10,Temperate,NA,0.825,0.883881451,0.881,NA,NA,0.374545455,0.077115678,0.866061294,0,0.909028716,0
Lantana_camara,Lantana camara,Verbenaceae,Plantae,Osunkoya; Perrett; Fernando; Clark; Raghu,Popul Ecol,2013,3,Tropical & Subtropical,0.335,0.561,0.984405703,NA,0.152238806,0,0.821746881,0,NA,3690.289444,0,0
Lonicera_maackii,Lonicera maackii,Caprifoliaceae,Plantae,Burns; Pardini; Schutzenhofer; Chung; Seidler; Knight,Ecology,2013,2,Temperate,0.444,0.763722919,1,NA,0.009009009,0,0.067684542,0,NA,141.72,16.1,0
Lupinus_arboreus,Lupinus arboreus,Leguminosae,Plantae,Kauffman; Maron,Am Nat,2006,7,Arid,0.6416,NA,0.598966998,NA,0,0.002493766,NA,0,NA,378.6741554,0,0
Miconia_albicans,Miconia albicans,Melastomataceae,Plantae,Hoffmann,Ecology,1999,5,Tropical & Subtropical,0.262,0.332457078,0.997128745,NA,0.011450382,0,0.030910791,0,NA,1033.269286,13.01136564,0
Paliurus_ramosissimus,Paliurus ramosissimus,Rhamnaceae,Plantae,Fumiko Ishihama; Shinji Fujii; Kazuhiko Yamamoto; Takenori Takada ,Popul Ecol,2014,9,Temperate,NA,NA,0.854800663,0.825119164,NA,NA,NA,0.001936748,0.014816565,0,0,3.58267076
Petrophile_pulchella,Petrophile pulchella,Proteaceae,Plantae,Bradstock; O'Connell,Aust J Bot,1988,4,Temperate,0.458,0.829519039,0.97,NA,0.375545852,0,0.132027155,0,NA,16.98401745,3.528041531,0
Purshia_subintegra,Purshia subintegra,Rosaceae,Plantae,Maschinski; Baggs; Quintana-Ascencio; Menges,Cons Biol,2006,8,Arid,0.074442145,0.103679269,0.990428571,NA,0.234304712,0,0.010104415,0,NA,160391.7845,4.586414286,0
Rosa_multiflora,Rosa multiflora,Rosaceae,Plantae,Burns; Pardini; Schutzenhofer; Chung; Seidler; Knight,Ecology,2013,2,Temperate,0.121,0.956057829,1,NA,0.008264463,0,0.15167405,0,NA,24.46,6.46,0
Sambucus_racemosa_subsp._sieboldiana,Sambucus sieboldiana,Adoxaceae,Plantae,Abe; Motai; Tanaka; Shibata; Kominami; Nakashizuka,Ecology,2008,10,Temperate,NA,0.328496233,1,NA,NA,NA,0.001935436,0,NA,0,398,0
Tetramolopium_arenarium,Tetramolopium arenarium,Compositae,Plantae,Aplet; Laven; Shaw,Nat Areas J,1994,3,Tropical & Subtropical,NA,0.74131204,0.762054948,NA,NA,NA,0.376118088,0,NA,0,0.117045136,0
Ulex_minor,Ulex minor,Leguminosae,Plantae,Stokes; Bullok;Watkinson,J Ecol,2004,2,Temperate,0.3176666,NA,0.97079759,NA,0,0.079748075,NA,0,NA,13.63519652,0,0
Vella_pseudocytisus_subsp._paui,Vella pseudocytisus paui,Brassicaceae,Plantae,Iriondo; Albert; Giménez; Lozano; Escudero,Book,2009,6,Temperate,NA,0.8749,0.944149127,NA,NA,NA,0.21865356,0,NA,0,0.167614043,0
Ariocarpus_scaphirostris,Ariocarpus scaphirostris,Cactaceae,Plantae,Mandujano; Verhulst; Carrillo-Angeles; Golubov,Int J Plant Sci,2007,2,Arid,0.134,1,0.999982962,NA,0.253731343,0,0.008222138,0,NA,52.89921875,0,0
Astrophytum_asterias,Astrophytum asterias,Cactaceae,Plantae,Martinez-Avalos,PhD thesis,2007,3,Arid,0.05875,NA,0.740553819,NA,0,0.829787234,NA,0,NA,16.83915059,0,0
Astrophytum_capricorne_2,Astrophytum capricorne,Cactaceae,Plantae,Mandujano; Bravo; Verhulst; Carrillo-Angeles; Golubov,Acta Oeco,2015,3,Arid,7.05E-05,NA,0.784697098,NA,0,0.290780142,NA,0,NA,262.6561117,0,0
Astrophytum_ornatum,Astrophytum ornatum,Cactaceae,Plantae,Zepeda-Martinez; Manujano; Mandujano; Golubov,J Arid Env,2013,3,Arid,0.0500675,NA,0.896860689,NA,0,0.00134818,NA,0,NA,123.3022601,0,0
Carnegiea_gigantea,Carnegiea gigantea,Cactaceae,Plantae,Steenbergh; Lowe,Ecology,1969,2,Arid,0.0041,0.540010819,0.530176579,NA,1,0,2.00E-09,0,NA,450744.34,1855.66,0
Cephalocereus_senilis,Cephalocereus senilis,Cactaceae,Plantae,Cedillo Castillo,MSc thesis,2007,2,Arid,3.90E-05,0.6875,1,NA,0.99997436,0,1.45E-10,0,NA,11182,0,0
Coryphantha_robbinsorum,Escobaria robbinsorum,Cactaceae,Plantae,Schmalzel; Reichenbacher; Rutman,Madrono,1995,6,Arid,0.009083333,0.830125104,0.97025,NA,1,0,0.108328117,0,NA,33,0,0
Echinocactus_platyacanthus,Echinocactus platyacanthus,Cactaceae,Plantae,Jiménez-Sierra; Mandujano; Eguiarte,Biol Cons,2007,3,Arid,2.03E-06,0.893787413,0.946584644,NA,1,0,0.081369228,0,NA,3329.328795,0,0
Escontria_chiotilla,Escontria chiotilla,Cactaceae,Plantae,Ortega-Baes,PhD thesis,2001,2,Arid,0.044,0.95173194,0.935719855,NA,1,0,0.011645349,0,NA,13.52686645,0,0
Espeletia_timotensis,Coespeletia timotensis,Compositae,Plantae,Silva; Trevisan; Estrada; Monosterio,Global Ecol Biogeogr,2000,7,Arid,0.554,0.0026,0.935580067,NA,0.16967509,0,1,0,NA,447.4105439,91.66596859,0
Harrisia_fragrans,Harrisia fragrans,Cactaceae,Plantae,Rae; Ebert,Int J Plant Sci,2002,9,Arid,NA,0.555,0.935584215,NA,NA,NA,0.322522523,0,NA,0,0.028692382,0
Lophophora_diffusa,Lophophora diffusa,Cactaceae,Plantae,Dias Segura,MSc thesis,2013,3,Arid,7.35E-05,0.793825992,0.88454426,NA,0.941240479,0.058759521,0.155922345,0,NA,514.4550528,0,0
Mammillaria_crucigera,Mammillaria crucigera,Cactaceae,Plantae,Contreras; Valverde,J Arid Env,2002,3,Tropical & Subtropical,NA,0.001,0.933969603,NA,NA,NA,1,0,NA,0,2.026127485,0
Mammillaria_dixanthocentron_2,Mammillaria dixanthocentron,Cactaceae,Plantae,Ramos Lopez,MSc thesis,2007,2,Arid,NA,0.94,0.895423181,NA,NA,NA,0.126267254,0,NA,0,5.875324206,0
Mammillaria_hernandezii_2,Mammillaria hernandezii,Cactaceae,Plantae,Rodriguez Ortega,PhD thesis,2008,4,Arid,0.702,0.639768102,0.926790593,NA,0.031339031,0,0.145793214,0,NA,3.447771797,0.031158639,0
Mammillaria_huitzilopochtli,Mammillaria huitzilopochtli,Cactaceae,Plantae,Flores-Martinez; Manzanero-Medino; Golubov; Montaña; Mandujano,Plant Ecol,2010,6,Tropical & Subtropical,NA,0.607494917,0.809463317,NA,NA,NA,0.508311089,0,NA,0,0.006991236,0
Mammillaria_magnimamma,Mammillaria magnimamma,Cactaceae,Plantae,Valverde; Quijas; Lopez-Villavicencio; Castillo,Plant Ecol,2004,3,Tropical & Subtropical,NA,0.035,0.924128821,NA,NA,NA,1,0,NA,0,5.670393904,0
Mammillaria_mystax,Mammillaria mystax,Cactaceae,Plantae,"Saldivar Sánchez, Navarro Carbajal",Cact Suc Mex,2012,2,Tropical & Subtropical,NA,0.959550809,0.879816912,NA,NA,NA,0.14366632,0,NA,0,0.692245186,0
Mammillaria_napina,Mammillaria napia,Cactaceae,Plantae,Rodriguez Ortega,PhD thesis,2008,4,Arid,0.767,0.651530846,0.956717269,NA,0.002607562,0,0.075648427,0,NA,10.01040318,0.031314574,0
Mammillaria_pectinifera,Mammillaria pectinifera,Cactaceae,Plantae,Valverde; Zavala-Hurtado,J Arid Env,2006,2,Tropical & Subtropical,0.301,0.358892082,0.775335692,NA,0.169435216,0,0.091118645,0,NA,1.429097721,0.294245947,0
Mammillaria_pectinifera_3,Mammillaria pectinifera,Cactaceae,Plantae,Vite Gonzalez; Zavala Hurtado,Report,1998,3,Arid,0.0043,0.654683541,0.8246,NA,1,0,0.055390982,0,NA,328410,0,0
Mammillaria_supertexta,Mammillaria supertexta,Cactaceae,Plantae,Avendano Calco,MSc thesis,2007,2,Tropical & Subtropical,NA,0.779245626,0.807357906,NA,NA,NA,0.019861769,0,NA,0,6.386280836,0
Neobuxbaumia_macrocephala,Neobuxbaumia macrocephala,Cactaceae,Plantae,Esparza-Olguin; Valverde; Mandujano,Popul Ecol,2005,4,Tropical & Subtropical,NA,0.33711028,0.979332887,NA,NA,NA,0.001768081,0,NA,0,69.48161788,0
Neobuxbaumia_mezcalaensis,Neobuxbaumia mezcalaensis,Cactaceae,Plantae,Esparza-Olguin; Valverde; Mandujano,Popul Ecol,2005,4,Tropical & Subtropical,NA,0.29324988,0.990739293,NA,NA,NA,0.00039086,0,NA,0,681.0275457,0
Neobuxbaumia_polylopha,Neobuxbaumia polylopha,Cactaceae,Plantae,Arroyo-Cosultchi; Golubov; Mandujano,Acta Oecol,2016,3,Arid,0.05023702,0.861781669,0.977844071,NA,0.004718035,0,0.017006855,0,NA,954.022748,0,0
Neobuxbaumia_tetetzo,Neobuxbaumia tetetzo,Cactaceae,Plantae,Esparza-Olguin; Valverde; Mandujano,Popul Ecol,2005,4,Tropical & Subtropical,NA,0.252656615,0.98381911,NA,NA,NA,0.002519266,0,NA,0,57.18099323,0
Pachycereus_pecten-aboriginum,Pachycereus pecten-aboriginum,Cactaceae,Plantae,Morales-Romero; Godinez-Alvarez; Campo-Alves; Molino-Freaner,J Arid Env,2012,3,Tropical & Subtropical,NA,1,0.999985213,NA,NA,NA,0.002838875,0,NA,0,3.872998077,0
Stenocactus_crispatus,Stenocactus crispatus,Cactaceae,Plantae,Lopez Flores; Navarro Carbajal,Cactaceas,2009,2,Arid,NA,1,0.931088239,NA,NA,NA,0.170931163,0,NA,0,0.63156001,0
Abies_concolor,Abies concolor,Pinaceae,Plantae,van Mantgem; Stephenson,J Ecol,2005,22,Temperate,NA,0.882343741,0.9323,NA,NA,NA,0.010211877,0,NA,0,0.441033333,0
Abies_magnifica,Abies magnifica,Pinaceae,Plantae,van Mantgem; Stephenson,J Ecol,2005,21,Temperate,NA,0.912587195,0.945679033,NA,NA,NA,0.010316444,0,NA,0,0.424790309,0
Abies_sachalinensis_2,Abies sachalinensis,Pinaceae,Plantae,Hiura; Fujiwara,J Veg Sci,1999,20,Temperate,NA,0.940593076,0.902754164,NA,NA,NA,0.082975958,0,NA,0,0.296,0
Acer_mono,Acer pictum,Sapindaceae,Plantae,Tanaka; Shibata; Masaki; Iida; Niiyama; Abe; Kominomi; Nokashizuka,J Veg Sci,2008,7,Temperate,NA,0.666649858,0.78727546,NA,NA,NA,0.000116275,0,NA,0,1794.366617,0
Acer_rufinerve,Acer rufinerve,Sapindaceae,Plantae,Tanaka; Shibata; Masaki; Iida; Niiyama; Abe; Kominami; Nokashizuka,J Veg Sci,2008,7,Temperate,NA,0.664080995,0.835663519,NA,NA,NA,4.63E-05,0,NA,0,3043.306565,0
Annamocarya_sinensis,Carya sinensis,Juglandaceae,Plantae,Chien; Zuidema; Nghia,Popul Ecol,2008,3,Tropical & Subtropical,NA,0.863981506,0.973409163,NA,NA,NA,0.000787688,0,NA,0,0.392441997,0
Aquilaria_crassna,Aquilaria crassna,Thymelaeaceae,Plantae,Zhang; Brockelman; Allen,Biol Cons,2008,6,Tropical & Subtropical,NA,0.929074015,0.959,NA,NA,NA,0.001772678,0,NA,0,2.4912,0
Aquilaria_malaccensis,Aquilaria malaccensis,Thymelaeaceae,Plantae,Soehartono; Newton,Biol Cons,2001,1,Tropical & Subtropical,0.72,0.165797958,0.606866976,NA,1,0,0.001430818,0,NA,4686.343589,0,0
Aquilaria_microcarpa,Aquilaria microcarpa,Thymelaeaceae,Plantae,Soehartono; Newton,Biol Cons,2001,2,Tropical & Subtropical,0.59,0.396064567,0.799048745,NA,1,0,0.000255777,0,NA,6473.330217,0,0
Araucaria_araucana,Araucaria araucana,Araucariaceae,Plantae,Bekessy; Newton; Fox; Lara et al.,Book,2004,3,Temperate,0.6,0.170801914,0.039814689,NA,1,0,0.000241973,0,NA,12.158291,0,0
Araucaria_cunninghamii,Araucaria cunninghamii,Araucariaceae,Plantae,Enright; Ogden,Aust J Ecol,1979,3,Tropical & Subtropical,0.0195,0.201943826,0.994045608,NA,1,0,0.000342758,0,NA,17728.37126,0,0
Araucaria_hunsteinii,Araucaria hunsteinii,Araucariaceae,Plantae,Enright,Aust J Ecol,1982,3,Tropical & Subtropical,0.0038508,0.649817633,0.969770378,NA,1,0,0.003388496,0,NA,7952.567346,0,0
Avicennia_germinans,Avicennia germinans,Acanthaceae,Plantae,López-Hoffman; Ackerly; Anten; Denoyer;Ramos,J Ecol,2007,3,Tropical & Subtropical,NA,0.558758864,0.994418263,NA,NA,NA,0.013382381,0,NA,0,14.29999833,0
Bertholletia_excelsa,Bertholletia excelsa,Lecythidaceae,Plantae,Zuidema; Boot,J Trop Ecol,2002,5,Tropical & Subtropical,NA,0.693258614,0.992427393,NA,NA,NA,0.00105704,0,NA,0,6.450668222,0
Brosimum_alicastrum,Brosimum alicastrum,Moraceae,Plantae,Peters,PhD thesis,1989,2,Tropical & Subtropical,0.742,0.045133932,0.99930846,0.997223405,1,0,0.000637289,0.000146136,0,3376.200148,0,0
Calocedrus_decurrens,Calocedrus decurrens,Cupressaceae,Plantae,van Mantgem; Stephenson,J Ecol,2005,21,Temperate,NA,0.859139569,0.9925,NA,NA,NA,0.004461909,0,NA,0,1.36333333,0
Calocedrus_macrolepis,Calocedrus macrolepis,Cupressaceae,Plantae,Chien; Zuidema; Nghia,Popul Ecol,2008,3,Tropical & Subtropical,NA,0.801268474,0.957136881,NA,NA,NA,0.000668017,0,NA,0,3.474510111,0
Camellia_japonica_2,Camellia japonica,Theaceae,Plantae,NA,NA,NA,11,Temperate,NA,0.832989898,0.999012254,NA,NA,NA,0.009396525,0,NA,0,1.53296364,0
Castanea_dentata,Castanea dentata,Fagaceae,Plantae,Davelos; Jarosez,J Ecol,2004,5,Temperate,NA,0.859121346,0.995289909,NA,NA,NA,0.02150674,0,NA,0,0.442730398,0
Cecropia_obtusifolia,Cecropia obtusifolia,Urticaceae,Plantae,Alvarez-Buylla,Am Nat,1994,8,Tropical & Subtropical,0.03875,0.000264007,0.9250729,NA,0.302193548,0,0.084062862,0,NA,320759.1118,169.7545518,0
Chlorocardium_rodiei,Chlorocardium rodiei,Lauraceae,Plantae,ter Steege; Boot; Brouwer; Hammond; Vanderhout; Jetten; Khan; Polak; Raaimakers; Zagt,Ecol Appl,1995,5,Tropical & Subtropical,NA,0.409193344,0.990289888,NA,NA,NA,8.69E-05,0,NA,0,125,0
Choerospodnias_axillaris,Choerospodnias axillaris,Anacardiaceae,Plantae,Brodie; Helmy; Brockelman; Maron,Ecol Appl / Ecol,2009,3,Tropical & Subtropical,NA,0.082822135,0.985097099,NA,NA,NA,2.87E-05,0,NA,0,5.190503192,0
Dacrydium_elatum,Dacrydium elatum,Podocarpaceae,Plantae,Chien; Zuidema; Nghia,Popul Ecol,2008,3,Tropical & Subtropical,NA,0.826213339,0.983156982,NA,NA,NA,0.001544648,0,NA,0,1.277042002,0
Dicorynia_guianensis,Dicorynia guianensis,Leguminosae,Plantae,Picard; Mortier; Chagneau,Ecol Model,2010,3,Tropical & Subtropical,NA,1,0.992307692,NA,NA,NA,0.017,0,NA,0,0.009615385,0
Dicymbe_altsonii,Dicymbe altsonii,Leguminosae,Plantae,Zagt; Boot,PhD thesis,1997,5,Tropical & Subtropical,0.726,0.918736881,0.996887048,NA,1,0,2.68E-05,0,NA,195,0,0
Duguetia_neglecta,Duguetia neglecta,Annonaceae,Plantae,Zagt; Boot,PhD thesis,1997,5,Tropical & Subtropical,NA,0.927231271,0.990524093,NA,NA,NA,0.002637918,0,NA,0,0.517413803,0
Entandrophragma_cylindricum,Entandrophragma cylindricum,Meliaceae,Plantae,Picard; Yalibanda; Namkosserena; Baya,Forest Ecol Manag,2008,3,Tropical & Subtropical,NA,0.99826484,0.99086758,NA,NA,NA,0.026193059,0,NA,0,0.02739726,0
Eperua_falcata,Eperua falcata,Leguminosae,Plantae,Chagneau; Mortier; Picard,J R Stat Soc C,2009,3,Tropical & Subtropical,NA,0.9939,0.991887366,NA,NA,NA,0.015393903,0,NA,0,0.0072,0
Fagus_grandifolia,Fagus grandifolia,Fagaceae,Plantae,Batista; Platt; Macchiavelli,Ecology,1998,15,Temperate,NA,0.909842655,0.935089305,NA,NA,NA,0.050650954,0,NA,0,0.167746325,0
Grias_peruviana,Grias peruviana,Lecythidaceae,Plantae,Peters,Book,1991,2,Temperate,0.52,0.186715814,0.98,NA,1,0,0.011351341,0,NA,20,0,0
Guettarda_viburnoides,Guettarda viburnoides,Rubiaceae,Plantae,Loayza; Knight,Ecology,2010,4,Temperate,NA,0.25145698,0.974466667,NA,NA,NA,0.002087273,0,NA,0,7.657833333,0
Juniperus_procera,Juniperus procera,Cupressaceae,Plantae,Couralet; Sass-Klaassen; Sterck; Bekele; Zuidema,Forest Ecol Manag,2005,1,Arid,NA,0.892774577,0.991197939,NA,NA,NA,0.005299829,0,NA,0,0.76,0
Khaya_senegalensis,Khaya senegalensis,Meliaceae,Plantae,Gaoue; Ticktin,Cons Biol,2010,3,Tropical & Subtropical,NA,0.643177708,0.957821994,NA,NA,NA,0.026736853,0,NA,0,0.380405786,0
Manglietia_fordiana,Magnolia fordiana,Magnoliaceae,Plantae,Chien; Zuidema; Nghia,Popul Ecol,2008,3,Tropical & Subtropical,NA,0.768756318,0.954630298,NA,NA,NA,0.00037302,0,NA,0,0.706547091,0
Nothofagus_fusca,Nothofagus fusca,Nothofagaceae,Plantae,Enright; Ogden,Aust J Ecol,1979,11,Temperate,NA,0.874949089,0.993971938,NA,NA,NA,0.00206089,0,NA,0,0.645,0
Oxandra_asbeckii,Oxandra asbeckii,Annonaceae,Plantae,Chagneau; Mortier; Picard,J R Stat Soc C,2009,3,Tropical & Subtropical,NA,NA,0.999870048,NA,NA,NA,NA,0,NA,0,0,0.039
Parashorea_chinensis,Parashorea chinensis,Dipterocarpaceae,Plantae,Chien; Zuidema; Nghia,Popul Ecol,2008,3,Tropical & Subtropical,NA,0.841468693,0.983139154,NA,NA,NA,0.001017228,0,NA,0,2.100852639,0
Parkinsonia_aculeata,Parkinsonia aculeata,Leguminosae,Plantae,Raghu; Wilson; Dhileepan,Aust J Ent,2006,2,Tropical & Subtropical,0.1,0.1,0.410000498,NA,0.8,0,0.8,0,NA,267.7155655,0,0
Pentaclethra_macroloba,Pentaclethra macroloba,Leguminosae,Plantae,Hartshorn,PhD thesis,1972,3,Tropical & Subtropical,NA,0.494303594,0.973694253,NA,NA,NA,0.000218032,0,NA,0,131.9420034,0
Phyllanthus_emblica_3,Phyllanthus emblica,Phyllanthaceae,Plantae,Ellis; Williams; Lesica; Bell; Bierzychudek; Bowles; Crone; Doak; Ehrlén; Ellis-Adam; McEachern; Ganesan; Latham; Luijten; Kaye; Knight; Menges; Morris; Den Nijs; Oostermeijer; Quintana-Ascencio; Shelly; Stanley; Thorpe; Ticktin; Valverde; Weekley,Ecology,2012,6,Temperate,0.2127,0.691408606,0.89771912,NA,0.036201222,0,5.03E-05,0,NA,533.598,5.0096,0
Phyllanthus_indofischeri,Phyllanthus indofischeri,Phyllanthaceae,Plantae,Ticktin; Ganesan; Paramesha; Setty,J Appl Ecol,2012,11,Tropical & Subtropical,0.601,0.846755096,0.989733698,NA,0.024958403,0,0.001132854,0,NA,161.0436891,2.502363178,0
Pinus_jeffreyi,Pinus jeffreyi,Pinaceae,Plantae,van Mantgem; Stephenson,J Ecol,2005,18,Temperate,NA,0.94437026,0.945,NA,NA,NA,0,0,NA,0,0.073,0
Pinus_kwangtungensis,Pinus fenzeliana,Pinaceae,Plantae,Chien; Zuidema; Nghia,Popul Ecol,2008,3,Tropical & Subtropical,NA,0.793898313,0.970812318,NA,NA,NA,0.001669441,0,NA,0,0.073,0
Pinus_lambertiana_2,Pinus lambertiana,Pinaceae,Plantae,Maloney; Vogler; Eckert; Jensen; Neale,Forest Ecol Manag,2011,2,Temperate,NA,0.905505045,0.941918285,NA,NA,NA,0.006962727,0,NA,0,0.611942402,0
Manilkara_zapota,Manilkara zapota,Sapotaceae,Plantae,Cruz-Rodriguez; López-Villavicencio; Valverde,J Trop Ecol,2009,3,Tropical & Subtropical,NA,0.741374755,0.992,NA,NA,NA,1.43E-05,0,NA,0,1032.85,0
Pinus_nigra,Pinus nigra,Pinaceae,Plantae,Buckley; Brockerhoff; Langer; Ledgard; North; Rees,J Appl Ecol,2005,18,Temperate,NA,0.802972268,0.983933782,NA,NA,NA,0.003476655,0,NA,0,402.4687491,0
Pinus_palustris,Pinus palustris,Pinaceae,Plantae,Platt; Evans; Rathbun,Am Nat,1988,5,Temperate,NA,0.965178943,0.990395615,NA,NA,NA,0.011748853,0,NA,0,0.027366835,0
Pinus_ponderosa,Pinus ponderosa,Pinaceae,Plantae,van Mantgem; Stephenson,J Ecol,2005,13,Temperate,NA,0.809990165,0.99,NA,NA,NA,0.001752371,0,NA,0,0.052,0
Pinus_strobus,Pinus strobus,Pinaceae,Plantae,Münzbergová; Hadincová; Wild; Kindlmannová,PLoS ONE,2013,3,Temperate,NA,0.542417497,0.99,NA,NA,NA,0.001229179,0,NA,0,19.18,0
Pinus_sylvestris,Pinus sylvestris,Pinaceae,Plantae,Usher,Biom,1966,15,Temperate,NA,1,0.919258038,NA,NA,NA,0.048458065,0,NA,0,1.488200475,0
Prioria_copaifera,Prioria copaifera,Leguminosae,Plantae,Condit,Forest Ecol Manag,1993,9,Tropical & Subtropical,NA,0.96860878,0.968253968,NA,NA,NA,0.080155434,0,NA,0,0.85080884,0
Prosopis_laevigata,Prosopis laevigata,Leguminosae,Plantae,Bernal,PhD thesis,2004,3,Tropical & Subtropical,NA,0.9748,0.984558596,NA,NA,NA,0.120332376,0,NA,0,0.030613742,0
Prunus_africana,Prunus africana,Rosaceae,Plantae,Stewart,PhD thesis,2001,3,Temperate,NA,0.105270627,0.983093901,NA,NA,NA,0.001300521,0,NA,0,9.150840821,0
Prunus_serotina,Prunus serotina,Rosaceae,Plantae,Sebert-Cuvillier; Paccaut; Chabrerie; Endels; Goubet; Decoq,Ecol Model,2007,3,Temperate,1,0.234712864,0.99,NA,0.9194908,0,1.17E-05,0,NA,1713,811,0
Psidium_guajava,Psidium guajava,Myrtaceae,Plantae,Somarriba,Agrofor Syst,1988,3,Tropical & Subtropical,NA,0.320773136,0.97927472,NA,NA,NA,4.05E-05,0,NA,0,17986.43673,0
Pterocarpus_angolensis,Pterocarpus angolensis,Leguminosae,Plantae,Desmet; Shackleton; Ronbinson,S African J Bot,1996,2,Alpine & Arctic,NA,0.787,0.970285952,NA,NA,NA,0.008894536,0,NA,0,0.014857024,0
Quercus_rugosa,Quercus rugosa,Fagaceae,Plantae,Bonfil; Valverde,Unpublished,NA,7,Tropical & Subtropical,NA,0.915823119,0.985548585,NA,NA,NA,0.005854736,0,NA,0,0.272667172,0
Rhizophora_mangle,Rhizophora mangle,Rhizophoraceae,Plantae,López-Hoffman; Ackerly; Anten; DeNoyer;Ramos,J Ecol,2007,3,Tropical & Subtropical,NA,0.346722264,0.950088017,NA,NA,NA,0.009288664,0,NA,0,20.20554656,0
Rhododendron_ponticum_2,Rhododendron ponticum,Ericaceae,Plantae,Travis; Harris; Park; Bullock,MEE,2011,3,Temperate,NA,0.93260742,0.999991765,NA,NA,NA,0.017372951,0,NA,0,9.08299082,0
Sapium_sebiferum,Sapium sebiferum,Euphorbiaceae,Plantae,Renne,PhD thesis,2001,4,Temperate,0.62956,0.619279821,0.994999204,NA,0.203634284,0,0.057017909,0,NA,18.48199008,0,0
Scaphium_borneense,Scaphium macropodum,Malvaceae,Plantae,Yamada; Zuidema; Itoh; et al.,J Ecol,2007,11,Tropical & Subtropical,NA,0.984499531,0.989697385,NA,NA,NA,0.001652722,0,NA,0,0.456158417,0
Shorea_acuminata,Shorea acuminata,Dipterocarpaceae,Plantae,Yamada; Yamada; Okuda; Fletcher,Oecologia,2013,11,Tropical & Subtropical,NA,0.973057536,0.983433353,NA,NA,NA,0.005640008,0,NA,0,0.183789383,0
Shorea_bracteolata,Shorea bracteolata,Dipterocarpaceae,Plantae,Yamada; Yamada; Okuda; Fletcher,Oecologia,2013,11,Tropical & Subtropical,NA,0.975080811,0.982961795,NA,NA,NA,0.003006125,0,NA,0,0.38163399,0
Shorea_leprosula,Shorea leprosula,Dipterocarpaceae,Plantae,Visser; Jongejans; van Breugel; Zuidema; Chen; Kassim; de Kroon,J Ecol,2011,16,Tropical & Subtropical,NA,0.679797264,0.77105156,NA,NA,NA,0.000547667,0,NA,0,52.01193113,0
Shorea_maxwelliana,Shorea maxwelliana,Dipterocarpaceae,Plantae,Yamada; Yamada; Okuda; Fletcher,Oecologia,2013,11,Tropical & Subtropical,NA,0.987288685,0.993767468,NA,NA,NA,0.002081782,0,NA,0,0.268591785,0
Shorea_ovalis,Shorea ovalis,Dipterocarpaceae,Plantae,Yamada; Yamada; Okuda; Fletcher,Oecologia,2013,11,Tropical & Subtropical,NA,0.973640931,0.980866295,NA,NA,NA,0.003360212,0,NA,0,0.140544468,0
Stryphnodendron_excelsum,Stryphnodendron microstachyum,Leguminosae,Plantae,Hartshorn,PhD thesis,1972,3,Tropical & Subtropical,0.05,0.844253935,0.97534793,NA,1,0,0.000202566,0,NA,1785.437735,0,0
Styrax_obassia,Styrax obassis,Styracaceae,Plantae,Abe; Nokashizuka; Tanoka,J Veg Sci,1998,6,Temperate,NA,0.442753766,0.993,NA,NA,NA,0.000498088,0,NA,0,37.59,0
Swietenia_macrophylla,Swietenia macrophylla,Meliaceae,Plantae,Verwer; Peña-Claros; van der Staak; Ohlson-Kiehn; Sterck,J Appl Ecol,2008,5,Tropical & Subtropical,NA,0.41258711,0.987334217,NA,NA,NA,0.002672005,0,NA,0,14.37325256,0
Syzygium_jambos,Syzygium jambos,Myrtaceae,Plantae,Brown; Spector; Wu,J Appl Ecol,2008,3,Tropical & Subtropical,NA,0.668529833,0.937336737,NA,NA,NA,0.000582827,0,NA,0,374.3117944,0
Taxus_brevifolia,Taxus brevifolia,Taxaceae,Plantae,Busing; Spies,USDAResearchNate,1995,1,Temperate,NA,0.964961076,0.995210731,NA,NA,NA,0.013779247,0,NA,0,0.143335606,0
Taxus_floridana,Taxus floridana,Taxaceae,Plantae,Kwit; Horvitz; Platt,Cons Biol,2004,5,Temperate,NA,0.2023588,0.963693254,NA,NA,NA,0.001580027,0,NA,0,4.256558748,0
Tetraberlinia_bifoliolata,Tetraberlinia bifoliolata,Leguminosae,Plantae,Norghauer; Newbery,Ecol Monog,2011,2,Tropical & Subtropical,0.1693,0.944277757,0.979,NA,1,0,0.001091588,0,NA,127,0,0
Tsuga_canadensis,Tsuga canadensis,Pinaceae,Plantae,Lamar; McGraw,Forest Ecol Manag,2005,3,Temperate,NA,0.912379834,0.985387338,NA,NA,NA,0.001132535,0,NA,0,1.452242275,0
Vatica_hainanensis,Vatica mangachapoi,Dipterocarpaceae,Plantae,Hu; Wang,Acta Ecol Sinica,1988,2,Tropical & Subtropical,NA,0.188135212,0.952666628,NA,NA,NA,0.000989532,0,NA,0,208.1316871,0
Vochysia_ferruginea,Vochysia ferruginea,Vochysiaceae,Plantae,Boucher; Mallono,Forest Ecol Manag,1997,6,Tropical & Subtropical,NA,0.236571091,0.881040393,NA,NA,NA,0.013092981,0,NA,0,60.59737187,0
Astroblepus_ubidiai,Astroblepus_ubidiai,Astroblepidae,Animalia,Velez-Espino,Ecol Freshwater Fish,2005,2,Aquatic,NA,0.207806188,0.396341976,NA,NA,NA,0.265367613,0,NA,0,15.12712834,0
Brachyrhaphis_rhabdophora,Brachyrhaphis_rhabdophora,Poeciliidae,Animalia,Johnson; Zuniga-Vega,Ecology,2009,1,Aquatic,NA,0.816629918,0.872098496,NA,NA,NA,0.038631124,0,NA,0,3.892229851,0
Cottus_sp._3,Cottus_sp.,Cyprinidae,Animalia,Young; Koops,Fish & Oceans Can,2013e,4,Aquatic,NA,0.014,0.446112444,0,NA,NA,1,0.021796292,NA,0,31.54386242,0
Notropis_photogenis,Notropis_photogenis,Cyprinidae,Animalia,Young; Koops,Fish & Oceans Can,2012a,1,Aquatic,NA,NA,0.000845568,0,NA,NA,NA,0.011738058,NA,0,0,1.041878626
Poecilia_reticulata,Poecilia_reticulata,Poeciliidae,Animalia,Bronikowski; Clark; Rodd; Reznick,Ecology,2002,4,Aquatic,NA,0.658001734,0.805102547,NA,NA,NA,0.069900725,0,NA,0,1.840649586,0
Pylodictis_olivaris,Pylodictis_olivaris,Ictaluridae,Animalia,Sakaris; Irwin,Ecol Appl,2010,6,Aquatic,NA,0.000227603,0.848,NA,NA,NA,0.104585406,0,NA,0,6386.228479,0
Rutilus_rutilus,Rutilus_rutilus,Cyprinidae,Animalia,Otjacques; De Laender; Kestemont,Ecol Model,2016,1,Aquatic,NA,0.032087747,0.486388145,NA,NA,NA,0.140216537,0,NA,0,108.6564012,0
Salvelinus_confluentus_2,Salvelinus_confluentus,Salmonidae,Animalia,Bowerman,PhD Thesis,2013,10,Aquatic,NA,0.239027799,0.402431389,NA,NA,NA,0.032925689,0,NA,0,42.8799005,0
Sardina_pilchardus,Sardina_pilchardus,Clupeidae,Animalia,Serghini; Boutayeb; Auger; Charouki; Ramzi; Ettahiri; Tchente,Acta Biotheor,2009,3,Aquatic,NA,0.52,0.19,NA,NA,NA,0.519230769,0,NA,0,3.06,0
Stellifer_illecebrosus,Stellifer_illecebrosus,Sciaenidae,Animalia,Foster; Vincent,Aquat Conserv,2012,2,Aquatic,NA,0.58,0.58,NA,NA,NA,0.313630933,0,NA,0,3.301342288,0
Zoarces_viviparus,Zoarces_viviparus,Zoarcidae,Animalia,Bergek; Ma; Vetemaa; Franzén; Appelberg,Ecotoxicol Environ Safety,2012,16,Aquatic,NA,0.039112058,0.562502869,0,NA,NA,0.350455099,0,NA,0,43.34633498,0
Epidalea_calamita,Epidalea_calamita,Bufonidae,Animalia,Di Minin; Griffiths,Ecography,2011,37,Temperate,NA,0.15,0.85,0.159312265,NA,NA,0.123999074,0,0,0,10.46508141,0
Leptogorgia_virgulata,Leptogorgia_virgulata,Gorgoniidae,Animalia,Gotelli,Ecology,1991,3,Aquatic,NA,0.822029932,0.973291577,NA,NA,NA,0.050815614,0,NA,0,0.19686,0
Paramuricea_clavata,Paramuricea_clavata,Plexauridae,Animalia,Linares; Doak,Mar Ecol Pro Ser,2010,6,Aquatic,NA,0.82333359,0.916537704,NA,NA,NA,0.06307549,0,NA,0,0.112449065,0
Anser_caerulescens,Anser_caerulescens,Anatidae,Animalia,Cooch; Rockwell; Brault,Ecol Monog,2001,22,Alpine & Arctic,NA,0.822,0.822,NA,NA,NA,1,0,NA,0,0.372034196,0
Anthropoides_paradiseus,Anthropoides_paradiseus,Gruidae,Animalia,Altwegg; Anderson,Funct Ecol,2009,11,Arid,NA,0.790510339,0.963813,NA,NA,NA,0.119672156,0,NA,0,3.03861,0
Bostrychia_hagedash,Bostrychia_hagedash,Threskiornithidae,Animalia,Duckworth; Altwegg; Harebottle,J Orni,2011,8,Temperate,NA,0.74,0.74,NA,NA,NA,0.441803818,0,NA,0,0.311201399,0
Buteo_solitarius,Buteo_solitarius,Accipitridae,Animalia,Klavitter; Marzluff; Vekasy,J Wild Manage,2003,2,Tropical & Subtropical,NA,0.486117689,0.88,NA,NA,NA,0.308651467,0,NA,0,0.28,0
Calyptorhynchus_lathami_2,Calyptorhynchus_lathami,Psittacidae,Animalia,Harris; Fordham; Mooney; Pedler; Araújo; Paton; Stead; Watts; Akçakaya; Brook,J Appl Ecol,2012,13,Temperate,NA,0.796185287,0.913,NA,NA,NA,0.205521131,0,NA,0,0.296,0
Centrocercus_minimus,Centrocercus_minimus,Stercorariidae,Animalia,Davis; Hooten; Phillips; Doherty,Ecology and Evolution,2014,6,Temperate,NA,0.368829832,0.429276105,NA,NA,NA,0.410369785,0,NA,0,0.444226991,0
Coragyps_atratus_2,Coragyps_atratus,Cathartidae,Animalia,Blackwell; Avery; Watts; Lowney, J Wild Manage,2007,14,Temperate,NA,0.888207462,0.906,NA,NA,NA,0.082009941,0,NA,0,0.4987,0
Diomedea_melanophris,Thalassarche_melanophris,Diomedeidae,Animalia,Arnold; Brault; Croxall,Ecol Appl,2006,23,Alpine & Arctic,NA,0.625764689,0.932999,0.933,NA,NA,0.036157487,0.196303533,0.760064969,0,0.067592,0
Fulmarus_glacialis,Fulmarus_glacialis,Procellariidae,Animalia,Kerbiriou; Le Viol; Bonnet; Robert,Popul Ecol,2012,9,Temperate,NA,0.920987843,0.915,NA,NA,NA,0.104075552,0,NA,0,0.06775,0
Haliaeetus_albicilla,Haliaeetus_albicilla,Accipitridae,Animalia,Krüger; Grünkorn; Struwe-Juhl,Biol Cons,2010,62,Temperate,NA,0.825105385,0.839117683,NA,NA,NA,0.218356508,0,NA,0,0.182266873,0
Milvus_migrans,Milvus_migrans,Accipitridae,Animalia,Sergio; Tavecchia; Blas; López; Tanferna; Hiraldo,Basic Appl Ecol,2011,24,Arid,NA,NA,0.63855651,NA,NA,NA,NA,0,NA,0,0,0.410114084
Pernis_apivorus_2,Pernis_apivorus,Accipitridae,Animalia,Bijlsma; Vermeulen; Hemerik; Klok,Ardea,2012,37,Temperate,NA,0.834679054,0.808,NA,NA,NA,0.286373577,0,NA,0,0.202,0
Phalacrocorax_auritus_2,Phalacrocorax_auritus,Phalacrocoracidae,Animalia,Chastant; King; Weseloh; Moore,J Wild Manag,2014,9,Temperate,NA,0.476070565,0.837,NA,NA,NA,0.26018016,0,NA,0,0.8445,0
Phoebastria_immutabilis,Phoebastria_immutabilis,Diomedeidae,Animalia,Finkelstein; Doak; Nakagawa; Sievert; Klavitter,Anim Conserv,2009,10,Tropical & Subtropical,NA,0.758072445,0.916,NA,NA,NA,0.08904996,0,NA,0,0.336,0
Picoides_borealis,Picoides_borealis,Picidae,Animalia,Maguire; Wilhere; Dong,J Wild Manag,1995,6,Temperate,NA,0.401,0.703190028,NA,NA,NA,1,0,NA,0,0.647326753,0
Sterna_hirundo_2,Sterna_hirundo,Laridae,Animalia,Szostek; Schaub; Becker,J Anim Ecol,2014,17,Temperate,NA,0.72406995,0.874785401,NA,NA,NA,0.293290683,0,NA,0,0.208938084,0
Thalassarche_melanophrys,Thalassarche_melanophris,Diomedeidae,Animalia,Rolland; Nevoux; Barbraud; Weimerskirch,Ecol Appl,2009,27,Alpine & Arctic,NA,0.94878033,0.898797788,0.913,NA,NA,0.083613033,0.151352708,0.612,0,0.103218492,0
Tympanuchus_cupido,Tympanuchus_cupido,Phasianidae,Animalia,Fefferman; Reed,J Wild Manag,2006,6,Temperate,NA,0.3403,0.487746498,NA,NA,NA,1,0,NA,0,3.164,0
Mya_arenaria,Mya_arenaria,Myidae,Animalia,Brousseau,Mar Biol,1978,4,Aquatic,NA,0.198,0.916213588,NA,NA,NA,1,0,NA,0,17.73184854,0
Nuttallia_obscurata,Nuttallia_obscurata,Psammobiidae,Animalia,Dudas; Dower; Anholt,Ecology,2007,2,Aquatic,NA,0.2315,0.713750987,NA,NA,NA,0.913606911,0,NA,0,0.256100994,0
Daphnia_magna,Daphnia_magna,NA,Animalia,Duchet; Coutellec; Franquet; Lagneau; Lagadic,Ecotoxic,2011,2,Temperate,NA,0.983315422,0.875046538,NA,NA,NA,0.195260308,0,NA,0,2.778665243,0
Daphnia_pulex_3,Daphnia_pulex,NA,Animalia,Frank; Boll; Kelly,Physiol Zool,1957,2,Temperate,NA,0.9889,0.977110644,0.128934261,NA,NA,1,9.17E-06,0,0,0.906488673,0
Spongia_graminea,Spongia_graminea,Spongiidae,Animalia,Cropper; Di Resta,Ecol Model,1999,3,Aquatic,NA,0.669084829,0.921527121,NA,NA,NA,0.02184929,0,NA,0,0.75,0
Xestospongia_muta,Xestospongia_muta,Petrosiidae,Animalia,McMurray; Henkel; Pawlik,Ecology,2010,7,Aquatic,NA,0.827826004,0.894182976,NA,NA,NA,0.159809416,0,NA,0,0.018264526,0
Haliotis_laevigata,Haliotis_laevigata,Haliotidae,Animalia,Fordham; Mellin; Russell; Akcakaya; Bradshaw; Aiello-Lammens; Caley; Connell; Mayfield; Shepherd; Brook,GCB,2013,18,Temperate,NA,0.305634023,0.917406785,NA,NA,NA,0.201255241,0,NA,0,25.53879032,0
Haliotis_rufescens,Haliotis_rufescens,Haliotidae,Animalia,Rogers-Bennett; Leaf,Ecol Appl,2006,7,Aquatic,NA,0.402127112,0.666731109,NA,NA,NA,0.079429177,0,NA,0,6.57157569,0
Helix_aspersa,Cornu_aspersa,Helicidae,Animalia,Laskowski; Hopkin,Ecotox Environ Safe,1996,0.33,Temperate,NA,0.057684085,0.243503923,NA,NA,NA,0.166611224,0,NA,0,75,0
Lepetodrilus_fucensis,Lepetodrilus_fucensis,Lepetodrilidae,Animalia,Kelly; Metaxas,Mar Ecol Pro Ser,2010,3,Aquatic,NA,0.517627614,0.701315339,NA,NA,NA,0.023531875,0,NA,0,35.85808759,0
Umbonium_costatum,Umbonium_costatum,Trochidae,Animalia,Noda; Nakao,J Anim Ecol,1996,11,Temperate,NA,0.625175185,0.764216755,NA,NA,NA,0.903746683,0,NA,0,0.77298891,0
Acyrthosiphon_pisum,Acyrthosiphon_pisum,Aphididae,Animalia,Hamda; Jevtic; Laskowski,Ecotox,2012,0.1,Temperate,NA,NA,0.893176154,0.297990833,NA,NA,NA,0.000756396,0,0,0,6.799719443
Boloria_eunomia,Proclossiana_eunomia,Nymphalidae,Animalia,Radchuk; Turlure; Schtickzelle,J Anim Ecol,2012,2,Temperate,NA,0.512254225,0,NA,NA,NA,0.007890164,NA,NA,0,89,0
Cephaloleia_fenestrata,Cephaloleia_fenestrata,Chrysomelidae,Animalia,Johnson; Horvitz,Ecology,2005,1,Aquatic,NA,0.445602783,0.73,NA,NA,NA,0.087985177,0,NA,0,4.4,0
Colias_alexandra,Colias_alexandra,Pieridae,Animalia,Hayes,Oecologia,1981,5,Temperate,NA,0.598329606,0,NA,NA,NA,0.002747537,NA,NA,0,705.75,0
Scolytus_ventralis_2,Scolytus_ventralis,Curculionidae,Animalia,Berryman,Can Entomol,1973,4,Temperate,NA,0.567880019,0.594,NA,NA,NA,0.029870737,0,NA,0,52.81,0
Acinonyx_jubatus_2,Acinonyx_jubatus,Felidae,Animalia,Lubben; Tenhumberg; Tyre; Rebarber,Biol Cons,2008,11,Tropical & Subtropical,NA,0.199664277,0.934112818,NA,NA,NA,0.195275558,0,NA,0,1.450307812,0
Alces_alces_9,Alces_alces,Cervidae,Animalia,Kvalnes; Saether; Haanes; Røed; Engen; Solberg,Evolution,2016,13,Alpine & Arctic,NA,0.62,0.851356469,NA,NA,NA,1,0,NA,0,0.248092699,0
Brachyteles_hypoxanthus,Brachyteles_hypoxanthus,Atelidae,Animalia,Morris; Altmann; Brockman; Cords; Fedigan; Pusey; Stoinski; Bronikowski; Alberts; Strier,Am Nat,2011,25,Tropical & Subtropical,NA,0.953565484,0.981707347,NA,NA,NA,0.086681865,0,NA,0,0.15163655,0
Callorhinus_ursinus,Callorhinus_ursinus,Otariidae,Animalia,Barlow; Boneng,Mar Mammal Sci,1991,4,Alpine & Arctic,NA,0.59607789,0.893125147,0,NA,NA,0.412395961,0.003125511,NA,0,0.290630689,0
Callospermophilus_lateralis,Callospermophilus_lateralis,Sciuridae,Animalia,Hostetler; Kneip; Van Vuren; Oli,PLoS1,2012,18,Temperate,NA,NA,0.345548645,NA,NA,NA,NA,0,NA,0,0,1.669523173
Canis_lupus_subsp._familiaris,Canis_lupus_familiaris,Canidae,Animalia,Makenov; Bekova,Urban Ecosyst,2016,1,Temperate,NA,0.600521257,0.84626219,0.943788438,NA,NA,0.498167378,0.146894253,0,0,0.673538359,0
Cebus_capucinus,Cebus_capucinus,Cebidae,Animalia,Morris; Altmann; Brockman; Cords; Fedigan; Pusey; Stoinski; Bronikowski; Alberts; Strier,Am Nat,2011,22,Tropical & Subtropical,NA,0.920533327,0.96220652,NA,NA,NA,0.126690624,0,NA,0,0.109174821,0
Cercopithecus_mitis,Cercopithecus_mitis,Cercopithecidae,Animalia,Morris; Altmann; Brockman; Cords; Fedigan; Pusey; Stoinski; Bronikowski; Alberts; Strier,Am Nat,2011,28,Tropical & Subtropical,NA,0.961369725,0.943987037,NA,NA,NA,0.112859176,0,NA,0,0.155511236,0
Clethrionomys_rufocanus,Clethrionomys_rufocanus,Muridae,Animalia,Yoccoz; Nakata; Stenseth; Saitoh,Res Popul Ecol,1998,5,Temperate,NA,0.75,0.75,NA,NA,NA,1,0,NA,0,1.405159139,0
Didelphis_aurita,Didelphis_aurita,Didelphidae,Animalia,Ferreira; Kajin; Vieira; Zangrandi; Cerqueira; Gentile,Mammal Biol,2013,3,Tropical & Subtropical,NA,0.956,0.616506239,NA,NA,NA,1,0,NA,0,1.421470151,0
Elephas_maximus_2,Elephas_maximus,Elephantidae,Animalia,Goswami; Vasudev; Oli,Biol Cons,2014,21,Tropical & Subtropical,NA,0.966104442,0.984555302,NA,NA,NA,0.039192672,0,NA,0,0.223841875,0
Enhydra_lutris_2,Enhydra_lutris,Mustelidae,Animalia,Gerber; Tinker; Doak; Estes; Jessup,Ecol Appl,2004,32,Aquatic,NA,0.749832131,0.88723414,NA,NA,NA,0.424306956,0,NA,0,0.521449426,0
Eumetopias_jubatus,Eumetopias_jubatus,Otariidae,Animalia,Holmes; York,Cons Biol,2003,24,Temperate,NA,0.683138871,0.801725777,0,NA,NA,0.253432526,0.001120527,NA,0,0.235890114,0
Gorilla_beringei,Gorilla_beringei,Hominidae,Animalia,Morris; Altmann; Brockman; Cords; Fedigan; Pusey; Stoinski; Bronikowski; Alberts; Strier,Am Nat,2011,41,Tropical & Subtropical,NA,0.97227009,0.97656663,NA,NA,NA,0.088432225,0,NA,0,0.082151343,0
Lagothrix_lagothricha,Lagothrix_lagotricha,Atelidae,Animalia,Defler,Book,2014,16,Tropical & Subtropical,NA,0.841091645,0.934,0.851629778,NA,NA,0.093204521,0,0,0,0.237,0
Lepus_europaeus_3,Lepus_europaeus,Leporidae,Animalia,Marboutin; Peroux,J Appl Ecol,1995,3,Temperate,NA,0.067,0.421666254,0.156665386,NA,NA,1,0,0,0,4.87535684,0
Macaca_mulatta_2,Macaca_mulatta,Cercopithecidae,Animalia,Blomquist; Sade; Berard,Int J Primatol,2010,41,Tropical & Subtropical,NA,0.827424,0.867511953,NA,NA,NA,0.445275293,0,NA,0,0.253436245,0
Marmota_flaviventris_2,Marmota_flaviventris,Sciuridae,Animalia,Ozgul; Oli; Armitage; Blumstein; Van Vuren,Am Nat,2009,44,Temperate,NA,0.545125,0.568522348,NA,NA,NA,1,0,NA,0,0.525551489,0
Mirounga_angustirostris,Mirounga_angustirostris,Phocidae,Animalia,Clinton; Le Boeuf,Ecology,1993,13,Aquatic,NA,0.719455259,0.682860145,0,NA,NA,0.173721791,0.004169843,NA,0,0.71261529,0
Mirounga_leonina_3,Mirounga_leonina,Phocidae,Animalia,New; Clark; Costa; Fleishman; Hindell; Klanjsek; Lusseau; Kraus; McMahon; Robinson; Schick; Schwarz; Simmons; Thomas; Tyack; Harwood,Mar Ecol-Prog Ser,2014,6,Aquatic,NA,0.8,0.841,NA,NA,NA,0.126865896,0,NA,0,0.4,0
Odocoileus_virginianus_subsp._borealis,Odocoileus_virginianus_subsp._borealis,Cervidae,Animalia,Jensen,Ecol Model,1995,NA,Temperate,NA,NA,0.688373514,0,NA,NA,NA,0.001889474,NA,0,0,1.376747028
Onychogalea_fraenata,Onychogalea_fraenata,Macropodidae,Animalia,Fisher; Hoyle; Blomberg,Ecol Appl,2000,4,Tropical & Subtropical,NA,0.798139276,0.8,NA,NA,NA,0.122330423,0,NA,0,3.1,0
Orcinus_orca_2,Orcinus_orca,Delphinidae,Animalia,Vélez-Espino; Ford; Araujo; Ellis; Parken; Balcomb,Can Tech Report Fish & Aq Sci,2014,25,Aquatic,NA,0.959349296,0.982121929,0.935443999,NA,NA,0.048194789,0.019477518,0,0,0.111946548,0
Ovis_aries_2,Ovis_aries,Bovidae,Animalia,Clutton-Brock; Price; Albon; Jewell,J Anim Ecol,1992,6,Temperate,NA,0.672034772,0.871,0.660709548,NA,NA,0.408501397,0,0,0,0.581822333,0
Ovis_canadensis_4,Ovis_canadensis,Bovidae,Animalia,Rubin; Boyce; Caswell-Chen,J Wild Manag,2002,6,Arid,NA,0.578668919,0.798375,NA,NA,NA,0.447042029,0,NA,0,0.198656769,0
Papio_cynocephalus,Papio_cynocephalus,Cercopithecidae,Animalia,Morris; Altmann; Brockman; Cords; Fedigan; Pusey; Stoinski; Bronikowski; Alberts; Strier,Am Nat,2011,37,Tropical & Subtropical,NA,0.919697892,0.95172574,NA,NA,NA,0.115428627,0,NA,0,0.231246516,0
Phacochoerus_aethiopicus,Phacochoerus_aethiopicus,Suidae,Animalia,Rodgers,Mammalia,1984,2,Tropical & Subtropical,NA,0.362610922,0.736972703,NA,NA,NA,0.372249015,0,NA,0,0.557856736,0
Propithecus_verreauxi,Propithecus_verreauxi,Indriidae,Animalia,Morris; Altmann; Brockman; Cords; Fedigan; Pusey; Stoinski; Bronikowski; Alberts; Strier,Am Nat,2011,24,Arid,NA,0.929833221,0.927087461,NA,NA,NA,0.143374754,0,NA,0,0.082974017,0
Rangifer_tarandus_2,Rangifer_tarandus,Cervidae,Animalia,Haskell; Ballard,J Wild Manag,2007,15,Alpine & Arctic,NA,0.622145975,0.887934518,NA,NA,NA,0.441742701,0,NA,0,0.717112177,0
Rangifer_tarandus_subsp._platyrhynchus,Rangifer_tarandus_subsp._platyrhynchus,Cervidae,Animalia,Bjorkvoll; Lee; Grotan; Saether; Stien; Engen; Albon; Loe; Hansen,Ecol,2016,19,Alpine & Arctic,NA,0.8,0.95564469,0,NA,NA,1,0.000745481,NA,0,0.247750323,0
Saguinus_fuscicollis,Saguinus_fuscicollis,Callitrichidae,Animalia,Watsa,PhD Thesis,2013,4,Tropical & Subtropical,NA,0.667,0.815826924,NA,NA,NA,1,0,NA,0,0.638242748,0
Saguinus_imperator,Saguinus_imperator,Callitrichidae,Animalia,Watsa,PhD Thesis,2013,4,Tropical & Subtropical,NA,0.5,0.974418819,1,NA,NA,1,0.127983423,0,0,0.667,0
Sigmodon_hispidus_2,Sigmodon_hispidus,Muridae,Animalia,Sauer; Slade,J Mamm ,1985,12,Temperate,NA,1,0.570621511,NA,NA,NA,1,0,NA,0,3.789498994,0
Spermophilus_armatus_2,Urocitellus_armatus,Sciuridae,Animalia,Oli; Slade; Dobson,Ecology,2001,7,Arid,NA,NA,0.313605605,0,NA,NA,NA,0,NA,0,0,0.726
Spermophilus_beldingi,Urocitellus_beldingi,Sciuridae,Animalia,Sherman; Morton,Ecology,1984,7,Temperate,NA,0.39,0.511974783,0.363440903,NA,NA,1,0,0,0,1.634565411,0
Spermophilus_columbianus,Urocitellus_columbianus,Sciuridae,Animalia,Dobson; Oli,Am Nat,2001,6,Temperate,NA,0.624,0.505578893,NA,NA,NA,0.426078307,0,NA,0,0.607707041,0
Spermophilus_dauricus,Spermophilus_dauricus,Sciuridae,Animalia,Luo; Fox,J Mamm,1990,1,Temperate,NA,0.328,0.527683579,NA,NA,NA,1,0,NA,0,1.114789353,0
Tamiasciurus_hudsonicus,Tamiasciurus_hudsonicus,Sciuridae,Animalia,McAdam; Boutin; Sykes; Humphries,EcoSci,2007,18,Alpine & Arctic,NA,NA,0.450824362,NA,NA,NA,NA,0,NA,0,0,0.555486802
Ursus_maritimus_2,Ursus_maritimus,Ursidae,Animalia,Hunter; Caswell; Runge; Regehr; Amstrup; Stirling,Ecology,2010,6,Aquatic,NA,0.889406982,0.90042,NA,NA,NA,0.129539635,0,NA,0,0.45856,0
Chrysemys_picta,Chrysemys_picta,Emydidae,Animalia,Wilbur,Ecology,1975,1,Temperate,NA,0.259602755,0.829872437,NA,NA,NA,0.075832174,0,NA,0,6.6,0
Crocodylus_johnstoni,Crocodylus_johnsoni,Crocodylidae,Animalia,Tucker ,Book,2001,20,Tropical & Subtropical,NA,0.48382746,0.894875067,NA,NA,NA,0.04845076,0,NA,0,2.628981479,0
Crocodylus_niloticus_2,Crocodylus_niloticus,Crocodylidae,Animalia,Hutton,PhD,1984,4,Tropical & Subtropical,NA,0.334459264,0.99,0.826344107,NA,NA,0.016217539,0.044353229,0,0,13.05,0
Hoplocephalus_bungaroides,Hoplocephalus_bungaroides,Elapidae,Animalia,Webb; Brook; Shine,Ecol Res,2002,9,Temperate,NA,0.62800351,0.816,NA,NA,NA,0.099897277,0,NA,0,1.741,0
Kinosternon_flavescens_2,Kinosternon_flavescens,Kinosternidae,Animalia,Iverson,Herpetologica,1991,8,Temperate,NA,0.310348228,0.95,NA,NA,NA,0.231113193,0,NA,0,2.55,0
Kinosternon_integrum,Kinosternon_integrum,Kinosternidae,Animalia,Macip-Ríos; Brauer-Robleda; Zúñiga-Vega; Casas-Andreu,Herp J,2011,6,Tropical & Subtropical,NA,0.342742701,0.803740345,NA,NA,NA,0.036551003,0,NA,0,1.024467913,0
Kinosternon_subrubrum_2,Kinosternon_subrubrum,Kinosternidae,Animalia,Frazer; Gibbons; Greene,Ecology,1991,16,Aquatic,NA,0.39065853,0.871734327,NA,NA,NA,0.148446707,0,NA,0,0.96,0
Podocnemis_lewyana,Podocnemis_lewyana ,Podocnemididae,Animalia,Páez; Bock; Espinal-García; Rendón-Valencia; Alzate-Estrada; Cartagena-Otálvaro; Heppell,Copeia,2015,3,Aquatic,NA,0.438261488,0.527953343,NA,NA,NA,0.033822288,0,NA,0,36.29336257,0
Podocnemis_expansa,Podocnemis_expansa,Podocnemididae,Animalia,Mogollones; Rodríguez; Hernández; Barreto,Chel Cons Biol,2010,16,Aquatic,NA,0.50655469,0.921558591,NA,NA,NA,0.000212342,0,NA,0,81.40033774,0
Vipera_aspis,Vipera_aspis,Viperidae,Animalia,Altwegg; Dummermuth; Anholt; Flatt,Oikos,2005,17,Temperate,NA,0.489638892,0.744,NA,NA,NA,0.131481395,0,NA,0,0.932,0
Xenosaurus_grandis,Xenosaurus_grandis,Xenosauridae,Animalia,Zuniga-Vega; Valverde; Rojas-Gonzalez; Lemos-Espinal,Copeia,2007,5,Tropical & Subtropical,NA,0.722262934,0.67693254,NA,NA,NA,0.276278441,0,NA,0,1.622661486,0
Xenosaurus_platyceps,Xenosaurus_platyceps,Xenosauridae,Animalia,Rojas-Gonzalez; Jones; Zúñiga-Vega; Lemos-Espinal,Amphibia-Reptilia,2008,4,Tropical & Subtropical,NA,0.568469275,0.710188558,NA,NA,NA,0.140281764,0,NA,0,2.341304162,0
Zootoca_vivipara,Zootoca_vivipara,Lacertidae,Animalia,Mugabo; Perret; Legendre; Le Galliard,J Anim Ecol,2013,2,Temperate,NA,NA,0.394117478,0.258800247,NA,NA,NA,0,0,0,0,0.303349222
